5255.16,3,0.27,0.07,0.27,0.98,0.2,2020-03-17 20:15:39
5237.51,54,0.07,0.21,0.27,1.56,11.55,2020-03-17 20:16:11
5236.64,107,-0.19,0.19,0.24,1.65,20.74,2020-03-17 20:16:41
5237.35,155,0.53,0.17,0.2,1.63,26.8,2020-03-17 20:17:11
5250.54,212,0.66,0.17,0.2,1.7,36.49,2020-03-17 20:17:41
5247.04,260,-0.09,0.17,0.18,1.67,42.97,2020-03-17 20:18:12
5253.45,311,0.13,0.17,0.19,1.66,52.57,2020-03-17 20:18:44
5241.52,342,0.07,0.17,0.18,1.56,57.65,2020-03-17 20:19:15
5250.94,390,0.29,0.17,0.18,1.56,65.56,2020-03-17 20:19:47
5244.86,426,-0.22,0.17,0.18,1.52,71.97,2020-03-17 20:20:17
5234.84,473,0.38,0.17,0.19,1.52,80.42,2020-03-17 20:20:48
5236.91,516,0.15,0.17,0.19,1.51,88.41,2020-03-17 20:21:18
5239.81,569,-0.08,0.17,0.19,1.52,95.33,2020-03-17 20:21:49
5235.33,609,0.12,0.17,0.19,1.5,102.42,2020-03-17 20:22:21
5237.21,652,0.12,0.17,0.19,1.5,107.84,2020-03-17 20:22:52
5234.11,707,0.29,0.16,0.19,1.51,116.43,2020-03-17 20:23:23
5234.12,761,-0.25,0.16,0.19,1.53,125.07,2020-03-17 20:23:53
5239.91,813,-0.34,0.17,0.19,1.54,134.49,2020-03-17 20:24:24
5243.95,853,0.65,0.16,0.19,1.52,139.74,2020-03-17 20:24:56
5231.51,899,0.07,0.16,0.18,1.52,142.1,2020-03-17 20:25:27
5223.37,943,0.34,0.16,0.19,1.52,150.38,2020-03-17 20:25:58
5232.5,979,-0.3,0.16,0.18,1.5,152.64,2020-03-17 20:26:30
5237.63,1018,-0.19,0.16,0.18,1.48,158.81,2020-03-17 20:27:06
5248,1040,0.12,0.15,0.18,1.44,159.97,2020-03-17 20:27:36
5241.17,1069,0.3,0.15,0.18,1.42,161.46,2020-03-17 20:28:08
5233.06,1127,0.7,0.15,0.18,1.44,172.96,2020-03-17 20:28:39
5242.9,1173,-0.05,0.16,0.18,1.44,183.58,2020-03-17 20:29:09
5248.53,1227,-0.16,0.16,0.18,1.46,192.99,2020-03-17 20:29:39
5251.2,1268,0.07,0.16,0.18,1.45,201.67,2020-03-17 20:30:09
5243.27,1321,-0.38,0.16,0.18,1.46,208.65,2020-03-17 20:30:40
5237.49,1365,0.32,0.16,0.18,1.46,217.83,2020-03-17 20:31:10
5231.34,1449,0.37,0.16,0.18,1.5,228.65,2020-03-17 20:31:43
5234.07,1510,0.18,0.16,0.18,1.51,237.63,2020-03-17 20:32:14
5249.14,1574,0.73,0.16,0.18,1.53,244.26,2020-03-17 20:32:44
5248.97,1633,0.81,0.16,0.18,1.54,257.93,2020-03-17 20:33:14
5247.88,1673,-0.16,0.16,0.18,1.54,267.1,2020-03-17 20:33:45
5271.96,1716,-0.08,0.16,0.18,1.53,272.74,2020-03-17 20:34:16
5282.63,1760,0.44,0.16,0.18,1.53,279.03,2020-03-17 20:34:47
5276.09,1808,0.71,0.16,0.18,1.53,288.65,2020-03-17 20:35:18
5289.82,1846,0.16,0.16,0.18,1.52,295.93,2020-03-17 20:35:49
5286.37,1889,0.12,0.16,0.18,1.52,304.05,2020-03-17 20:36:20
5283.25,1940,0.46,0.16,0.18,1.52,311.1,2020-03-17 20:36:51
5284.19,1985,0.05,0.16,0.19,1.52,320.16,2020-03-17 20:37:22
5290.84,2028,0.26,0.16,0.19,1.52,330.73,2020-03-17 20:37:52
5288.33,2078,-0.2,0.16,0.19,1.52,339.7,2020-03-17 20:38:23
5286.47,2116,0.05,0.16,0.19,1.51,347.2,2020-03-17 20:38:54
5297,2154,0.46,0.17,0.2,1.51,355.61,2020-03-17 20:39:24
5305.11,2200,0.09,0.16,0.19,1.51,361.19,2020-03-17 20:39:55
5305,2243,0.29,0.16,0.2,1.5,368.67,2020-03-17 20:40:27
5311.25,2291,-0.21,0.16,0.19,1.5,376.14,2020-03-17 20:40:59
5297.73,2329,0.07,0.16,0.2,1.5,384.07,2020-03-17 20:41:30
5291.58,2371,0.23,0.17,0.2,1.5,393.13,2020-03-17 20:42:02
5295.02,2409,0.1,0.17,0.2,1.49,402.33,2020-03-17 20:42:32
5314.17,2456,0.73,0.17,0.2,1.49,414.34,2020-03-17 20:43:02
5312.79,2498,0.24,0.17,0.2,1.49,425.42,2020-03-17 20:43:32
5304.81,2541,0.74,0.17,0.2,1.49,434.96,2020-03-17 20:44:03
5307.93,2569,-0.08,0.17,0.21,1.48,439.05,2020-03-17 20:44:35
5317.01,2611,0.16,0.17,0.21,1.48,449.68,2020-03-17 20:45:05
5319.49,2646,0.33,0.17,0.2,1.47,455.02,2020-03-17 20:45:36
5310.7,2626,0.77,0.17,0.2,1.46,451.59,2020-03-17 20:46:08
5296.93,2623,0.56,0.17,0.2,1.46,450.32,2020-03-17 20:46:40
5288.44,2610,0.25,0.17,0.2,1.45,449.7,2020-03-17 20:47:10
5296.09,2590,0.53,0.17,0.21,1.44,449.19,2020-03-17 20:47:43
5300.3,2593,0.88,0.18,0.22,1.44,454.66,2020-03-17 20:48:16
5295.67,2590,-0.31,0.17,0.21,1.44,448.03,2020-03-17 20:48:46
5299.99,2590,-0.01,0.17,0.21,1.44,446.46,2020-03-17 20:49:19
5309.9,2582,0.22,0.17,0.21,1.43,445.43,2020-03-17 20:49:49
5327.13,2587,0.07,0.17,0.21,1.44,450.2,2020-03-17 20:50:19
5321.06,2583,0.15,0.17,0.21,1.44,450.39,2020-03-17 20:50:49
5328.07,2587,0.45,0.17,0.21,1.44,452.52,2020-03-17 20:51:22
5309.8,2604,0.12,0.18,0.21,1.45,457.52,2020-03-17 20:51:52
5308.96,2608,0.26,0.18,0.21,1.45,459.92,2020-03-17 20:52:24
5317.75,2604,0.09,0.18,0.21,1.45,460.53,2020-03-17 20:52:56
5310.35,2600,0.29,0.18,0.21,1.44,460.88,2020-03-17 20:53:26
5305.35,2590,0.64,0.18,0.21,1.44,460.94,2020-03-17 20:53:57
5304.57,2576,0.36,0.18,0.21,1.43,459.67,2020-03-17 20:54:29
5308.17,2577,0.54,0.18,0.21,1.43,465.79,2020-03-17 20:54:59
5308.69,2578,0.47,0.18,0.22,1.43,470.46,2020-03-17 20:55:29
5308.7,2592,0.12,0.18,0.21,1.44,471.76,2020-03-17 20:55:59
5320.13,2610,-0.17,0.18,0.22,1.45,480.9,2020-03-17 20:56:30
5322,2618,0.01,0.18,0.22,1.46,483.02,2020-03-17 20:57:00
5333,2647,0.25,0.19,0.22,1.47,490.83,2020-03-17 20:57:31
5367.56,2661,0.07,0.19,0.22,1.48,496.27,2020-03-17 20:58:01
5345.07,2641,0.26,0.19,0.22,1.47,492.43,2020-03-17 20:58:31
5347.54,2657,0.35,0.19,0.22,1.48,492.2,2020-03-17 20:59:02
5343.25,2651,-0.01,0.19,0.22,1.47,491.1,2020-03-17 20:59:32
5328.12,2649,0.17,0.19,0.22,1.47,491.35,2020-03-17 21:00:03
5337.29,2642,0.29,0.19,0.22,1.47,492.71,2020-03-17 21:00:33
5347.12,2647,0.74,0.19,0.23,1.47,499.35,2020-03-17 21:01:04
5344.4,2610,0.53,0.19,0.23,1.45,494.27,2020-03-17 21:01:34
5347.06,2590,0.29,0.19,0.23,1.44,490.76,2020-03-17 21:02:05
5353.15,2574,0.07,0.19,0.24,1.43,495.01,2020-03-17 21:02:36
5350.19,2557,0.25,0.19,0.23,1.42,492.57,2020-03-17 21:03:06
5341.81,2564,0.18,0.19,0.23,1.42,491.34,2020-03-17 21:03:37
5336.77,2559,0.56,0.19,0.23,1.42,487.4,2020-03-17 21:04:07
5330.27,2562,0.26,0.19,0.24,1.42,492.85,2020-03-17 21:04:38
5322.59,2562,0.25,0.19,0.24,1.42,495.77,2020-03-17 21:05:10
5327.99,2572,-0.15,0.19,0.24,1.43,498.52,2020-03-17 21:05:41
5335.32,2596,0.38,0.19,0.24,1.44,501.33,2020-03-17 21:06:12
5307.65,2578,0.53,0.19,0.24,1.43,502.54,2020-03-17 21:06:43
5308.68,2565,0.57,0.2,0.24,1.43,500.51,2020-03-17 21:07:13
5302.35,2568,-0.19,0.19,0.24,1.43,498.2,2020-03-17 21:07:46
5309.76,2561,0.09,0.19,0.24,1.42,494.06,2020-03-17 21:08:16
5301.82,2567,0.29,0.19,0.24,1.43,498.34,2020-03-17 21:08:47
5300.34,2586,0.61,0.19,0.24,1.44,501.44,2020-03-17 21:09:18
5301.12,2593,0.29,0.19,0.24,1.44,498.54,2020-03-17 21:09:48
5300.7,2610,0.03,0.19,0.24,1.45,501.01,2020-03-17 21:10:18
5312.03,2617,-0.16,0.19,0.24,1.45,501.31,2020-03-17 21:10:49
5310.51,2620,-0.57,0.19,0.23,1.46,497.44,2020-03-17 21:11:21
5337.73,2611,0.53,0.19,0.24,1.45,496.99,2020-03-17 21:11:51
5327.56,2614,0.25,0.19,0.23,1.45,495.81,2020-03-17 21:12:24
5332.48,2623,0.38,0.19,0.23,1.46,491.29,2020-03-17 21:12:54
5324.41,2614,0.29,0.19,0.23,1.45,487.2,2020-03-17 21:13:25
5317.98,2612,0.32,0.19,0.22,1.45,484.1,2020-03-17 21:13:56
5326.68,2611,0.66,0.19,0.22,1.45,483.26,2020-03-17 21:14:27
5327.62,2607,0.34,0.18,0.22,1.45,474.94,2020-03-17 21:14:57
5320.26,2616,0.12,0.18,0.22,1.45,478.08,2020-03-17 21:15:28
5318.14,2631,-0.15,0.18,0.22,1.46,481.03,2020-03-17 21:15:58
5326.63,2621,0.29,0.18,0.22,1.46,478.45,2020-03-17 21:16:29
5326.59,2621,0.01,0.18,0.22,1.46,480.08,2020-03-17 21:16:59
5335,2629,-0.07,0.18,0.22,1.46,480.91,2020-03-17 21:17:29
5332.34,2617,-0.21,0.18,0.22,1.45,477.45,2020-03-17 21:18:01
5329.44,2608,0.34,0.18,0.23,1.45,476.96,2020-03-17 21:18:31
5322.48,2610,0.37,0.18,0.23,1.45,477.39,2020-03-17 21:19:01
5329.27,2615,0.61,0.19,0.24,1.45,483.85,2020-03-17 21:19:33
5330.2,2614,0.61,0.19,0.24,1.45,486.89,2020-03-17 21:20:03
5332.12,2634,0.54,0.19,0.24,1.46,487.44,2020-03-17 21:20:33
5336.73,2645,0.26,0.19,0.24,1.47,490.61,2020-03-17 21:21:04
5340.76,2640,0.15,0.19,0.25,1.47,491.09,2020-03-17 21:21:34
5350.58,2618,-0.25,0.19,0.25,1.45,485.48,2020-03-17 21:22:05
5358.06,2619,0.66,0.19,0.25,1.46,485.8,2020-03-17 21:22:36
5349.11,2604,0.75,0.18,0.25,1.45,480.33,2020-03-17 21:23:07
5342.21,2595,0.05,0.18,0.24,1.44,477.8,2020-03-17 21:23:37
5351.08,2597,0.63,0.19,0.25,1.44,481.07,2020-03-17 21:24:07
5346,2594,-0.01,0.19,0.25,1.44,480.8,2020-03-17 21:24:37
5351.77,2585,0.48,0.18,0.24,1.44,477.23,2020-03-17 21:25:10
5356.4,2573,0.29,0.19,0.24,1.43,476.23,2020-03-17 21:25:41
5345.01,2559,0.17,0.18,0.24,1.42,472.91,2020-03-17 21:26:12
5321.89,2559,-0.26,0.18,0.24,1.42,467.14,2020-03-17 21:26:43
5325.13,2553,0.53,0.18,0.24,1.42,469.68,2020-03-17 21:27:14
5330.3,2537,-0.04,0.18,0.24,1.41,466.5,2020-03-17 21:27:44
5345.17,2535,0.53,0.18,0.25,1.41,468.66,2020-03-17 21:28:18
5349.91,2537,-0.01,0.19,0.25,1.41,471.71,2020-03-17 21:28:48
5356.94,2524,-0.27,0.19,0.25,1.4,471.88,2020-03-17 21:29:21
5387.5,2513,0.18,0.19,0.25,1.4,467.53,2020-03-17 21:29:51
5404.14,2538,-0.1,0.19,0.25,1.41,469.98,2020-03-17 21:30:22
5382.24,2542,0.33,0.18,0.24,1.41,468.19,2020-03-17 21:30:52
5373.44,2546,0.22,0.18,0.24,1.42,466.44,2020-03-17 21:31:23
5410.37,2543,0.35,0.18,0.24,1.41,466.34,2020-03-17 21:31:53
5398.76,2549,0.27,0.18,0.24,1.42,465.76,2020-03-17 21:32:23
5403.13,2553,0.68,0.18,0.24,1.42,466.69,2020-03-17 21:32:54
5413.02,2554,0.19,0.18,0.24,1.42,471.39,2020-03-17 21:33:24
5421.71,2558,-0.31,0.19,0.24,1.42,473.98,2020-03-17 21:33:55
5437.65,2539,0.29,0.19,0.24,1.41,472.87,2020-03-17 21:34:26
5444.41,2538,0.27,0.18,0.24,1.41,468.84,2020-03-17 21:34:56
5450.61,2542,0.29,0.18,0.24,1.41,468.87,2020-03-17 21:35:27
5473.43,2539,0.25,0.18,0.24,1.41,465.59,2020-03-17 21:35:57
5443.53,2547,-0.01,0.19,0.24,1.42,473.0,2020-03-17 21:36:28
5449.8,2561,0.15,0.19,0.24,1.42,479.91,2020-03-17 21:36:59
5460.23,2559,0.04,0.19,0.23,1.42,478.48,2020-03-17 21:37:29
5425.56,2560,0.54,0.19,0.23,1.42,479.35,2020-03-17 21:38:01
5400,2552,0.48,0.19,0.23,1.42,478.86,2020-03-17 21:38:31
5437.87,2554,0.25,0.19,0.23,1.42,476.83,2020-03-17 21:39:02
5437.42,2551,0.73,0.19,0.23,1.42,484.93,2020-03-17 21:39:32
5458.65,2545,0.2,0.19,0.24,1.41,486.86,2020-03-17 21:40:03
5433.65,2517,0.05,0.19,0.24,1.4,485.81,2020-03-17 21:40:33
5446.83,2523,-0.2,0.19,0.24,1.4,483.47,2020-03-17 21:41:03
5438.11,2519,0.28,0.19,0.24,1.4,485.43,2020-03-17 21:41:34
5440.98,2523,0.42,0.19,0.24,1.4,487.99,2020-03-17 21:42:04
5441.64,2530,0.08,0.19,0.23,1.41,490.15,2020-03-17 21:42:35
5450.08,2534,0.14,0.19,0.23,1.41,493.4,2020-03-17 21:43:05
5470,2549,0.12,0.2,0.24,1.42,501.22,2020-03-17 21:43:36
5500.79,2556,0.27,0.2,0.24,1.42,502.99,2020-03-17 21:44:06
5470.8,2571,0.46,0.2,0.24,1.43,508.68,2020-03-17 21:44:37
5480.94,2585,-0.03,0.2,0.24,1.44,512.07,2020-03-17 21:45:07
5450.17,2611,-0.29,0.19,0.23,1.45,503.47,2020-03-17 21:45:37
5442.29,2628,0.5,0.19,0.23,1.46,502.23,2020-03-17 21:46:08
5443.42,2649,-0.06,0.19,0.23,1.47,509.69,2020-03-17 21:46:38
5429.8,2657,-0.07,0.19,0.23,1.48,509.01,2020-03-17 21:47:08
5414.79,2658,0.24,0.19,0.23,1.48,508.34,2020-03-17 21:47:39
5421.06,2666,0.25,0.19,0.23,1.48,509.81,2020-03-17 21:48:09
5417.44,2659,-0.21,0.19,0.22,1.48,508.79,2020-03-17 21:48:41
5429.11,2659,0.19,0.19,0.22,1.48,505.68,2020-03-17 21:49:12
5435.48,2666,0.64,0.19,0.22,1.48,500.57,2020-03-17 21:49:43
5429.66,2656,0.2,0.19,0.22,1.48,500.31,2020-03-17 21:50:13
5420.64,2649,0.31,0.19,0.22,1.47,501.77,2020-03-17 21:50:43
5395.08,2652,0.2,0.19,0.21,1.47,503.69,2020-03-17 21:51:13
5399.99,2655,0.39,0.19,0.21,1.48,505.61,2020-03-17 21:51:44
5400.16,2651,-0.13,0.19,0.21,1.47,506.86,2020-03-17 21:52:15
5396.04,2652,0.34,0.19,0.22,1.48,508.75,2020-03-17 21:52:45
5380.54,2654,0.04,0.19,0.22,1.47,512.61,2020-03-17 21:53:16
5385.52,2644,-0.05,0.19,0.21,1.47,508.67,2020-03-17 21:53:46
5393.31,2655,0.25,0.19,0.22,1.48,510.99,2020-03-17 21:54:21
5393.76,2667,0.12,0.19,0.21,1.48,510.82,2020-03-17 21:54:54
5387.31,2677,0.53,0.19,0.21,1.49,513.99,2020-03-17 21:55:24
5399.78,2689,0.15,0.19,0.21,1.5,515.3,2020-03-17 21:55:55
5391.43,2695,0.47,0.19,0.21,1.5,519.57,2020-03-17 21:56:26
5392.43,2686,0.18,0.19,0.22,1.49,521.77,2020-03-17 21:56:56
5388.73,2673,0.68,0.19,0.22,1.49,518.94,2020-03-17 21:57:27
5371.49,2696,0.62,0.19,0.21,1.5,523.06,2020-03-17 21:57:58
5351.78,2702,0.07,0.19,0.21,1.5,523.25,2020-03-17 21:58:29
5382.38,2687,-0.53,0.19,0.21,1.49,516.57,2020-03-17 21:58:59
5377.34,2687,0.1,0.19,0.21,1.49,519.17,2020-03-17 21:59:30
5378.33,2717,0.47,0.19,0.21,1.51,522.0,2020-03-17 22:00:02
5388.18,2678,0.61,0.19,0.21,1.49,522.18,2020-03-17 22:00:34
5394.91,2674,0.06,0.2,0.21,1.49,521.57,2020-03-17 22:01:05
5392.82,2681,0.26,0.2,0.21,1.49,526.48,2020-03-17 22:01:35
5416.01,2691,0.74,0.2,0.21,1.5,528.07,2020-03-17 22:02:05
5405.87,2678,-0.18,0.2,0.21,1.49,527.34,2020-03-17 22:02:36
5411.4,2696,0.03,0.2,0.21,1.5,525.88,2020-03-17 22:03:06
5398.29,2700,0.24,0.2,0.21,1.5,529.47,2020-03-17 22:03:37
5389.18,2703,0.27,0.2,0.21,1.5,532.21,2020-03-17 22:04:07
5375.77,2706,0.41,0.2,0.21,1.5,530.22,2020-03-17 22:04:38
5377.25,2694,0.29,0.2,0.22,1.5,529.6,2020-03-17 22:05:09
5376.19,2683,-0.04,0.2,0.22,1.49,529.26,2020-03-17 22:05:40
5391.86,2665,0.27,0.2,0.22,1.48,524.4,2020-03-17 22:06:10
5389.06,2658,0.74,0.2,0.21,1.48,518.84,2020-03-17 22:06:40
5386.59,2643,0.29,0.19,0.22,1.47,513.46,2020-03-17 22:07:11
5388.17,2641,0.1,0.2,0.22,1.47,515.25,2020-03-17 22:07:43
5375.67,2627,0.1,0.19,0.22,1.46,511.34,2020-03-17 22:08:14
5367.21,2613,0.29,0.19,0.22,1.45,508.31,2020-03-17 22:08:45
5369.24,2606,-0.16,0.19,0.22,1.45,505.35,2020-03-17 22:09:18
5369.94,2586,0.39,0.19,0.22,1.44,501.84,2020-03-17 22:09:48
5369.79,2572,-0.56,0.19,0.22,1.43,500.06,2020-03-17 22:10:18
5361.82,2563,0.52,0.19,0.22,1.42,498.61,2020-03-17 22:10:48
5353.22,2543,0.25,0.2,0.22,1.41,498.5,2020-03-17 22:11:19
5355.05,2537,-0.08,0.2,0.22,1.41,495.47,2020-03-17 22:11:51
5361.48,2530,0.29,0.19,0.22,1.41,491.67,2020-03-17 22:12:22
5350.79,2521,0.48,0.19,0.22,1.4,490.91,2020-03-17 22:12:52
5364.44,2541,0.53,0.19,0.21,1.41,492.28,2020-03-17 22:13:23
5362.81,2540,0.05,0.19,0.21,1.41,486.19,2020-03-17 22:13:53
5362.94,2548,-0.19,0.19,0.21,1.42,489.83,2020-03-17 22:14:23
5373.16,2547,-0.3,0.19,0.22,1.42,490.0,2020-03-17 22:14:54
5375.01,2541,0.29,0.2,0.23,1.41,497.37,2020-03-17 22:15:25
5380.79,2526,-0.05,0.2,0.23,1.4,507.18,2020-03-17 22:15:55
5384.93,2527,-0.2,0.2,0.23,1.4,508.2,2020-03-17 22:16:25
5389.28,2517,-0.43,0.2,0.23,1.4,508.13,2020-03-17 22:16:55
5380.33,2524,-0.13,0.2,0.24,1.4,513.14,2020-03-17 22:17:26
5367.55,2552,0.12,0.21,0.24,1.42,526.7,2020-03-17 22:17:58
5371.53,2572,0.42,0.21,0.24,1.43,530.54,2020-03-17 22:18:28
5375.97,2608,0.61,0.21,0.24,1.45,544.16,2020-03-17 22:18:59
5376.05,2639,0.35,0.21,0.24,1.47,555.31,2020-03-17 22:19:30
5376.68,2635,0.42,0.21,0.24,1.46,554.05,2020-03-17 22:20:01
5357.62,2636,0.29,0.21,0.24,1.46,554.57,2020-03-17 22:20:32
5363.4,2645,-0.16,0.21,0.25,1.47,556.16,2020-03-17 22:21:03
5358.28,2637,0.63,0.21,0.24,1.47,549.79,2020-03-17 22:21:33
5350.01,2648,0.29,0.21,0.24,1.47,552.2,2020-03-17 22:22:03
5343.3,2664,0.25,0.21,0.24,1.48,552.3,2020-03-17 22:22:33
5353.96,2702,0.61,0.21,0.24,1.5,556.38,2020-03-17 22:23:05
5352.05,2739,-0.22,0.21,0.25,1.52,566.59,2020-03-17 22:23:35
5346.67,2750,0.4,0.21,0.25,1.53,568.36,2020-03-17 22:24:05
5356.52,2770,0.35,0.2,0.25,1.54,567.77,2020-03-17 22:24:35
5361.71,2782,0.13,0.21,0.25,1.55,570.85,2020-03-17 22:25:06
5367.89,2790,-0.3,0.21,0.25,1.55,572.7,2020-03-17 22:25:36
5370.85,2805,0.42,0.21,0.25,1.56,576.9,2020-03-17 22:26:07
5362.24,2816,0.39,0.21,0.25,1.56,579.14,2020-03-17 22:26:37
5366.16,2831,-0.01,0.2,0.25,1.57,580.25,2020-03-17 22:27:08
5361.52,2850,0.69,0.21,0.25,1.58,590.56,2020-03-17 22:27:38
5358.06,2848,-0.49,0.21,0.25,1.58,589.87,2020-03-17 22:28:08
5363.91,2875,-0.18,0.21,0.25,1.6,595.81,2020-03-17 22:28:39
5366.29,2894,0.82,0.21,0.25,1.61,605.07,2020-03-17 22:29:09
5365.75,2910,0.07,0.21,0.25,1.62,612.57,2020-03-17 22:29:39
5373.52,2897,0.36,0.21,0.25,1.61,607.68,2020-03-17 22:30:10
5374.84,2943,0.49,0.21,0.25,1.64,610.21,2020-03-17 22:30:40
5374.29,2950,0.2,0.21,0.25,1.64,612.89,2020-03-17 22:31:10
5384.87,2979,0.73,0.21,0.25,1.66,616.9,2020-03-17 22:31:40
5390.72,2969,0.14,0.21,0.25,1.65,614.97,2020-03-17 22:32:10
5392.6,2966,0.14,0.21,0.25,1.65,611.39,2020-03-17 22:32:40
5388.87,2938,0.12,0.21,0.25,1.63,607.03,2020-03-17 22:33:11
5388.17,2935,0.42,0.21,0.25,1.63,601.79,2020-03-17 22:33:41
5383.83,2940,-0.16,0.21,0.25,1.63,603.86,2020-03-17 22:34:12
5378.83,2940,0.63,0.21,0.25,1.63,603.06,2020-03-17 22:34:42
5373.9,2949,0.29,0.21,0.25,1.64,605.48,2020-03-17 22:35:13
5379.58,2964,0.44,0.21,0.25,1.65,608.6,2020-03-17 22:35:44
5370.01,2959,-0.15,0.21,0.25,1.64,609.47,2020-03-17 22:36:15
5378.92,2949,0.23,0.2,0.24,1.64,603.25,2020-03-17 22:36:46
5374.27,2960,0.12,0.2,0.24,1.64,606.24,2020-03-17 22:37:17
5375.45,2966,0.12,0.2,0.24,1.65,604.25,2020-03-17 22:37:47
5371.24,2974,-0.17,0.2,0.24,1.65,603.96,2020-03-17 22:38:17
5366.65,2981,0.3,0.2,0.24,1.66,607.74,2020-03-17 22:38:47
5366.89,2982,-0.24,0.2,0.24,1.66,606.26,2020-03-17 22:39:18
5364.44,2979,0.18,0.2,0.24,1.66,603.98,2020-03-17 22:39:48
5351.08,2994,0.54,0.2,0.24,1.66,605.21,2020-03-17 22:40:19
5332.83,3001,0.43,0.2,0.24,1.67,607.2,2020-03-17 22:40:52
5339.69,3016,0.59,0.2,0.23,1.68,607.55,2020-03-17 22:41:23
5332.87,3033,0.25,0.2,0.24,1.69,615.71,2020-03-17 22:41:55
5340.44,3033,0.61,0.2,0.24,1.69,616.39,2020-03-17 22:42:25
5334.33,3018,0.35,0.2,0.24,1.68,613.58,2020-03-17 22:42:55
5343.1,2989,0.18,0.2,0.24,1.66,610.2,2020-03-17 22:43:25
5333.89,2975,0.22,0.2,0.24,1.65,607.28,2020-03-17 22:43:56
5346.9,2966,0.25,0.2,0.24,1.65,605.9,2020-03-17 22:44:27
5336.37,2966,0.18,0.21,0.24,1.65,609.89,2020-03-17 22:44:57
5328.54,2973,0.16,0.2,0.24,1.65,608.67,2020-03-17 22:45:27
5326.02,2962,0.3,0.21,0.24,1.65,610.53,2020-03-17 22:45:58
5321.87,2972,0.69,0.21,0.24,1.65,613.62,2020-03-17 22:46:28
5326.12,2968,0.31,0.21,0.24,1.65,612.7,2020-03-17 22:46:59
5323.39,2965,0.74,0.2,0.23,1.65,606.76,2020-03-17 22:47:31
5321.48,2927,0.61,0.2,0.23,1.63,597.19,2020-03-17 22:48:01
5325.08,2893,0.69,0.2,0.23,1.61,591.42,2020-03-17 22:48:31
5333.68,2874,-0.46,0.2,0.23,1.6,588.42,2020-03-17 22:49:02
5344.46,2848,0.69,0.21,0.23,1.58,585.01,2020-03-17 22:49:33
5343.65,2854,0.35,0.21,0.23,1.59,589.03,2020-03-17 22:50:04
5345.69,2864,0.36,0.21,0.23,1.59,592.36,2020-03-17 22:50:34
5347.96,2845,-0.11,0.21,0.23,1.58,584.33,2020-03-17 22:51:04
5338.84,2861,0.69,0.21,0.23,1.59,589.94,2020-03-17 22:51:34
5342.93,2846,0.32,0.21,0.23,1.58,589.55,2020-03-17 22:52:04
5343.05,2828,-0.17,0.21,0.23,1.57,594.26,2020-03-17 22:52:37
5340.5,2796,0.29,0.21,0.23,1.55,593.99,2020-03-17 22:53:07
5344.56,2773,-0.1,0.21,0.23,1.54,584.49,2020-03-17 22:53:38
5349.75,2757,0.27,0.21,0.23,1.53,586.18,2020-03-17 22:54:08
5361.04,2732,0.29,0.22,0.23,1.52,587.5,2020-03-17 22:54:39
5360.38,2716,-0.14,0.22,0.23,1.51,588.64,2020-03-17 22:55:10
5358.03,2710,0.92,0.22,0.23,1.51,588.16,2020-03-17 22:55:40
5356.73,2695,-0.06,0.22,0.23,1.5,583.8,2020-03-17 22:56:11
5360.55,2678,0.29,0.22,0.23,1.49,577.6,2020-03-17 22:56:43
5367.7,2661,0.29,0.21,0.23,1.48,570.49,2020-03-17 22:57:13
5363.12,2637,-0.01,0.21,0.23,1.47,563.07,2020-03-17 22:57:44
5367.52,2626,0.29,0.21,0.23,1.46,559.77,2020-03-17 22:58:15
5368.97,2614,0.42,0.21,0.23,1.45,554.78,2020-03-17 22:58:45
5367.76,2583,0.74,0.21,0.23,1.44,550.95,2020-03-17 22:59:16
5374.82,2563,0.32,0.21,0.23,1.42,544.34,2020-03-17 22:59:48
5373.91,2552,-0.01,0.21,0.23,1.42,547.82,2020-03-17 23:00:18
5371.57,2514,-0.39,0.22,0.23,1.4,543.29,2020-03-17 23:00:49
5363.74,2497,-0.31,0.22,0.23,1.39,541.31,2020-03-17 23:01:20
5373.9,2480,0.29,0.22,0.24,1.38,543.77,2020-03-17 23:01:50
5375.23,2490,0.18,0.22,0.24,1.38,549.76,2020-03-17 23:02:23
5384.64,2491,0.2,0.22,0.24,1.38,555.9,2020-03-17 23:02:55
5387.95,2487,0.83,0.22,0.24,1.38,556.69,2020-03-17 23:03:25
5384.84,2496,0.21,0.22,0.24,1.39,558.23,2020-03-17 23:03:56
5387.5,2485,0.29,0.22,0.24,1.38,553.43,2020-03-17 23:04:27
5388.94,2481,0.18,0.22,0.24,1.38,556.86,2020-03-17 23:04:58
5396.8,2474,0.17,0.23,0.25,1.38,557.47,2020-03-17 23:05:29
5400.04,2478,0.24,0.23,0.25,1.38,558.41,2020-03-17 23:05:59
5390.98,2474,0.29,0.23,0.25,1.37,561.49,2020-03-17 23:06:30
5391.8,2473,0.04,0.23,0.25,1.37,566.83,2020-03-17 23:07:01
5401.02,2485,0.19,0.23,0.25,1.38,573.41,2020-03-17 23:07:32
5402.5,2477,0.4,0.23,0.25,1.38,577.77,2020-03-17 23:08:02
5394.67,2472,-0.3,0.24,0.25,1.37,582.18,2020-03-17 23:08:34
5378.7,2463,-0.16,0.24,0.25,1.37,580.19,2020-03-17 23:09:04
5384.91,2471,0.29,0.23,0.25,1.37,577.44,2020-03-17 23:09:35
5396.74,2458,0.44,0.24,0.25,1.37,577.7,2020-03-17 23:10:06
5397.9,2466,0.86,0.23,0.25,1.37,578.12,2020-03-17 23:10:38
5401.32,2471,0.29,0.23,0.25,1.37,579.54,2020-03-17 23:11:08
5395.23,2457,-0.39,0.23,0.25,1.37,573.25,2020-03-17 23:11:40
5398.93,2441,-0.54,0.23,0.25,1.36,566.06,2020-03-17 23:12:10
5411.04,2419,0.1,0.23,0.25,1.34,558.07,2020-03-17 23:12:41
5397.94,2418,-0.05,0.23,0.25,1.34,559.42,2020-03-17 23:13:11
5400.56,2417,0.51,0.23,0.25,1.34,560.18,2020-03-17 23:13:42
5393.44,2397,-0.23,0.23,0.25,1.33,554.62,2020-03-17 23:14:14
5398.07,2395,-0.3,0.23,0.25,1.33,549.22,2020-03-17 23:14:46
5401.67,2380,0.55,0.23,0.25,1.32,543.69,2020-03-17 23:15:17
5400.41,2358,-0.14,0.23,0.25,1.31,541.05,2020-03-17 23:15:47
5409.21,2338,0.16,0.23,0.25,1.3,532.47,2020-03-17 23:16:18
5405.53,2312,-0.27,0.23,0.25,1.28,528.04,2020-03-17 23:16:48
5407.62,2291,0.74,0.23,0.25,1.27,523.39,2020-03-17 23:17:20
5406.58,2284,0.29,0.23,0.25,1.27,522.99,2020-03-17 23:17:50
5415.54,2295,0.48,0.23,0.25,1.28,526.21,2020-03-17 23:18:22
5406.11,2286,-0.27,0.23,0.25,1.27,522.5,2020-03-17 23:18:52
5414.29,2290,0.52,0.23,0.25,1.27,524.26,2020-03-17 23:19:22
5414.2,2285,0.04,0.23,0.25,1.27,524.23,2020-03-17 23:19:53
5412.82,2289,0.55,0.23,0.25,1.27,518.11,2020-03-17 23:20:23
5413.84,2295,0.71,0.23,0.25,1.28,524.99,2020-03-17 23:20:54
5410.97,2285,0.1,0.23,0.25,1.27,520.96,2020-03-17 23:21:26
5402.49,2277,-0.4,0.23,0.25,1.27,513.46,2020-03-17 23:21:56
5398.8,2289,0.21,0.22,0.24,1.27,511.18,2020-03-17 23:22:28
5396.35,2289,0.7,0.22,0.24,1.27,511.3,2020-03-17 23:22:58
5388.93,2283,0.46,0.22,0.24,1.27,513.01,2020-03-17 23:23:29
5384.85,2276,0.61,0.22,0.24,1.26,509.81,2020-03-17 23:23:59
5383.99,2268,0.09,0.22,0.24,1.26,506.95,2020-03-17 23:24:31
5387.67,2271,-0.03,0.22,0.23,1.26,506.29,2020-03-17 23:25:02
5388.05,2260,0.58,0.22,0.24,1.26,505.19,2020-03-17 23:25:32
5392.15,2239,0.12,0.22,0.23,1.24,500.11,2020-03-17 23:26:03
5390.28,2227,0.69,0.23,0.24,1.24,502.21,2020-03-17 23:26:35
5392.16,2241,0.34,0.23,0.24,1.25,506.54,2020-03-17 23:27:05
5391.39,2234,0.45,0.23,0.24,1.24,507.13,2020-03-17 23:27:35
5387.82,2232,-0.15,0.23,0.24,1.24,508.72,2020-03-17 23:28:06
5384.53,2227,0.47,0.23,0.24,1.24,509.6,2020-03-17 23:28:37
5376.18,2235,0.45,0.23,0.24,1.24,508.04,2020-03-17 23:29:07
5387.45,2247,0.4,0.23,0.24,1.25,512.6,2020-03-17 23:29:37
5378.33,2278,0.15,0.23,0.24,1.27,516.01,2020-03-17 23:30:08
5391,2320,0.04,0.22,0.24,1.29,520.14,2020-03-17 23:30:38
5380.14,2327,0.06,0.22,0.24,1.29,519.85,2020-03-17 23:31:08
5361.82,2335,0.73,0.22,0.24,1.3,518.51,2020-03-17 23:31:39
5368.96,2338,0.25,0.22,0.24,1.3,515.31,2020-03-17 23:32:09
5379.29,2337,0.78,0.22,0.24,1.3,516.96,2020-03-17 23:32:40
5379.84,2336,0.24,0.22,0.24,1.3,512.83,2020-03-17 23:33:12
5375.67,2327,0.22,0.22,0.24,1.29,516.06,2020-03-17 23:33:44
5376.08,2316,-0.29,0.22,0.24,1.29,510.18,2020-03-17 23:34:16
5381.55,2328,0.09,0.22,0.24,1.29,511.47,2020-03-17 23:34:47
5389.52,2333,0.43,0.22,0.23,1.3,507.07,2020-03-17 23:35:17
5399.16,2342,0.74,0.22,0.23,1.3,506.53,2020-03-17 23:35:47
5412.55,2339,-0.07,0.22,0.23,1.3,506.44,2020-03-17 23:36:18
5415.38,2354,0.73,0.21,0.23,1.31,505.11,2020-03-17 23:36:50
5412.92,2341,0.29,0.22,0.23,1.3,503.67,2020-03-17 23:37:21
5403.03,2347,0.59,0.21,0.23,1.3,502.67,2020-03-17 23:37:51
5403.28,2356,0.53,0.21,0.23,1.31,503.21,2020-03-17 23:38:22
5410.86,2369,0.18,0.22,0.24,1.32,511.29,2020-03-17 23:38:52
5412.41,2384,0.74,0.22,0.24,1.32,515.53,2020-03-17 23:39:23
5412.41,2386,-0.12,0.22,0.24,1.33,521.28,2020-03-17 23:39:54
5417.04,2381,-0.28,0.22,0.24,1.32,520.86,2020-03-17 23:40:24
5417.19,2372,0.61,0.22,0.24,1.32,522.57,2020-03-17 23:40:59
5408.06,2370,0.21,0.22,0.24,1.32,517.92,2020-03-17 23:41:29
5400.21,2384,0.32,0.22,0.24,1.33,527.91,2020-03-17 23:42:01
5403.07,2401,0.38,0.22,0.24,1.34,534.04,2020-03-17 23:42:31
5401.21,2425,0.54,0.22,0.24,1.35,541.24,2020-03-17 23:43:04
5390.11,2439,0.27,0.22,0.24,1.36,543.68,2020-03-17 23:43:35
5392.56,2450,0.4,0.23,0.24,1.36,551.68,2020-03-17 23:44:05
5399.75,2460,0.74,0.23,0.24,1.37,555.47,2020-03-17 23:44:35
5395.78,2477,0.36,0.23,0.24,1.38,558.47,2020-03-17 23:45:06
5382.01,2494,0.3,0.23,0.24,1.39,563.56,2020-03-17 23:45:37
5394.1,2498,0.2,0.23,0.24,1.39,564.07,2020-03-17 23:46:07
5394.33,2524,0.29,0.23,0.24,1.4,567.91,2020-03-17 23:46:38
5396.7,2534,0.35,0.22,0.24,1.41,568.98,2020-03-17 23:47:08
5398.86,2553,0.09,0.22,0.24,1.42,568.7,2020-03-17 23:47:39
5405,2550,0.69,0.22,0.24,1.42,569.11,2020-03-17 23:48:09
5405,2548,-0.14,0.22,0.24,1.42,566.23,2020-03-17 23:48:40
5412.84,2551,0.24,0.22,0.24,1.42,565.6,2020-03-17 23:49:10
5407.78,2550,0.35,0.22,0.24,1.42,564.46,2020-03-17 23:49:40
5410.87,2533,0.29,0.22,0.24,1.41,561.99,2020-03-17 23:50:10
5409.57,2516,0.11,0.22,0.24,1.4,556.42,2020-03-17 23:50:41
5411.15,2487,-0.43,0.22,0.24,1.38,551.26,2020-03-17 23:51:14
5403.15,2497,0.32,0.22,0.24,1.39,550.28,2020-03-17 23:51:45
5384.43,2501,0.39,0.22,0.24,1.39,555.87,2020-03-17 23:52:16
5383.15,2491,0.29,0.22,0.24,1.38,547.72,2020-03-17 23:52:46
5377.9,2484,0.3,0.22,0.24,1.38,546.47,2020-03-17 23:53:16
5385.68,2481,0.2,0.22,0.24,1.38,544.6,2020-03-17 23:53:49
5384.42,2492,0.59,0.22,0.24,1.38,545.64,2020-03-17 23:54:19
5380.57,2499,-0.37,0.22,0.24,1.39,544.72,2020-03-17 23:54:51
5380.82,2493,0.02,0.22,0.24,1.39,542.9,2020-03-17 23:55:22
5392.1,2518,-0.45,0.21,0.24,1.4,540.68,2020-03-17 23:55:52
5399.52,2523,0.01,0.22,0.24,1.4,545.84,2020-03-17 23:56:23
5408.67,2521,0.19,0.21,0.24,1.4,541.78,2020-03-17 23:56:55
5409,2526,0.29,0.21,0.24,1.4,537.83,2020-03-17 23:57:25
5401.01,2538,0.54,0.21,0.24,1.41,536.11,2020-03-17 23:57:55
5396.95,2532,-0.32,0.21,0.24,1.41,534.92,2020-03-17 23:58:26
5410.44,2531,0.18,0.21,0.24,1.41,531.36,2020-03-17 23:58:56
5410.91,2521,0.24,0.21,0.24,1.4,533.04,2020-03-17 23:59:28
5410.64,2497,-0.09,0.21,0.24,1.39,521.67,2020-03-17 23:59:59
5415.74,2451,0.52,0.21,0.24,1.36,518.63,2020-03-18 00:00:29
5421.01,2439,0.34,0.21,0.24,1.36,516.25,2020-03-18 00:00:59
5421.33,2433,0.35,0.21,0.24,1.35,510.42,2020-03-18 00:01:30
5429.15,2403,0.18,0.21,0.24,1.34,500.75,2020-03-18 00:02:01
5420.19,2415,0.39,0.21,0.24,1.34,501.42,2020-03-18 00:02:31
5439.35,2396,0.07,0.21,0.24,1.33,495.63,2020-03-18 00:03:02
5433.94,2395,0.25,0.21,0.24,1.33,492.21,2020-03-18 00:03:32
5435.07,2396,0.2,0.2,0.24,1.33,489.62,2020-03-18 00:04:02
5431.93,2380,-0.08,0.2,0.24,1.32,487.31,2020-03-18 00:04:34
5420.59,2373,-0.19,0.21,0.24,1.32,486.8,2020-03-18 00:05:04
5429,2376,0.1,0.2,0.24,1.32,486.41,2020-03-18 00:05:36
5436.07,2369,0.28,0.2,0.24,1.32,481.75,2020-03-18 00:06:06
5429.61,2362,-0.51,0.2,0.24,1.31,482.11,2020-03-18 00:06:37
5432.72,2365,0.39,0.2,0.24,1.31,478.44,2020-03-18 00:07:07
5427.57,2367,0.56,0.2,0.24,1.32,476.51,2020-03-18 00:07:39
5423.73,2346,0.86,0.2,0.24,1.3,469.31,2020-03-18 00:08:10
5414.71,2345,0.07,0.2,0.24,1.3,459.92,2020-03-18 00:08:41
5407.52,2339,0.17,0.2,0.24,1.3,460.13,2020-03-18 00:09:12
5415.61,2329,0.45,0.2,0.24,1.29,456.5,2020-03-18 00:09:42
5420.7,2335,0.29,0.2,0.24,1.3,457.33,2020-03-18 00:10:13
5414.52,2344,0.86,0.2,0.24,1.3,461.42,2020-03-18 00:10:44
5420.13,2337,0.39,0.2,0.23,1.3,458.61,2020-03-18 00:11:14
5420.69,2330,0.47,0.2,0.24,1.29,457.99,2020-03-18 00:11:46
5422.94,2312,0.11,0.2,0.24,1.29,455.43,2020-03-18 00:12:16
5417.82,2296,0.01,0.2,0.23,1.28,448.22,2020-03-18 00:12:47
5413.65,2294,0.43,0.19,0.23,1.27,442.17,2020-03-18 00:13:18
5414.43,2293,0.12,0.19,0.23,1.27,441.64,2020-03-18 00:13:51
5411.16,2274,0.4,0.19,0.23,1.26,435.53,2020-03-18 00:14:21
5400.15,2279,0.44,0.19,0.23,1.27,436.79,2020-03-18 00:14:54
5397.07,2264,0.86,0.19,0.23,1.26,430.66,2020-03-18 00:15:24
5395.03,2257,0.37,0.19,0.23,1.25,424.24,2020-03-18 00:15:56
5396.78,2236,-0.08,0.19,0.23,1.24,421.34,2020-03-18 00:16:27
5396.78,2220,0.27,0.19,0.23,1.23,418.93,2020-03-18 00:16:58
5389.4,2209,0.64,0.19,0.23,1.23,419.93,2020-03-18 00:17:28
5392.87,2203,-0.29,0.19,0.23,1.22,421.24,2020-03-18 00:17:59
5390.87,2193,0.32,0.19,0.23,1.22,412.7,2020-03-18 00:18:30
5388.58,2198,-0.03,0.19,0.23,1.22,412.19,2020-03-18 00:19:00
5388.9,2198,-0.25,0.19,0.23,1.22,408.99,2020-03-18 00:19:31
5381.44,2189,0.07,0.19,0.23,1.22,406.16,2020-03-18 00:20:01
5390.03,2197,0.07,0.19,0.23,1.22,407.06,2020-03-18 00:20:33
5387.85,2199,0.17,0.18,0.23,1.22,405.56,2020-03-18 00:21:03
5381.65,2214,0.16,0.18,0.23,1.23,407.61,2020-03-18 00:21:34
5380,2213,0.52,0.18,0.23,1.23,408.2,2020-03-18 00:22:04
5370.87,2208,-0.06,0.18,0.23,1.23,407.35,2020-03-18 00:22:35
5373.51,2199,0.29,0.18,0.23,1.22,404.74,2020-03-18 00:23:05
5369.62,2199,0.73,0.18,0.23,1.22,400.62,2020-03-18 00:23:35
5369.72,2201,0.74,0.18,0.22,1.22,399.41,2020-03-18 00:24:06
5381.8,2200,0.12,0.18,0.22,1.22,399.68,2020-03-18 00:24:36
5377.42,2206,0.28,0.18,0.22,1.23,402.95,2020-03-18 00:25:06
5388.2,2192,0.29,0.18,0.23,1.22,401.04,2020-03-18 00:25:38
5385.33,2178,-0.08,0.18,0.23,1.21,399.88,2020-03-18 00:26:08
5390.81,2170,0.29,0.18,0.23,1.21,399.08,2020-03-18 00:26:39
5388.79,2169,0.46,0.18,0.23,1.21,400.65,2020-03-18 00:27:10
5374.52,2167,0.04,0.19,0.23,1.2,406.61,2020-03-18 00:27:41
5374.97,2160,0.16,0.19,0.23,1.2,407.84,2020-03-18 00:28:11
5385.3,2168,0.19,0.19,0.23,1.2,408.62,2020-03-18 00:28:42
5383.8,2164,0.23,0.19,0.23,1.2,404.31,2020-03-18 00:29:12
5386.69,2170,0.74,0.19,0.23,1.21,404.95,2020-03-18 00:29:43
5384.13,2180,-0.39,0.18,0.23,1.21,402.52,2020-03-18 00:30:14
5376.13,2187,0.86,0.18,0.23,1.22,400.92,2020-03-18 00:30:45
5367.34,2194,0.28,0.18,0.23,1.22,403.52,2020-03-18 00:31:15
5351.36,2207,0.29,0.18,0.23,1.23,406.49,2020-03-18 00:31:46
5345.74,2200,0.26,0.19,0.23,1.22,408.76,2020-03-18 00:32:17
5366.67,2197,0.73,0.19,0.23,1.22,410.58,2020-03-18 00:32:48
5346.51,2215,-0.47,0.18,0.23,1.23,406.81,2020-03-18 00:33:19
5338.11,2205,0.41,0.18,0.23,1.23,407.2,2020-03-18 00:33:49
5355.34,2200,0.17,0.19,0.23,1.22,409.98,2020-03-18 00:34:21
5349.45,2195,-0.22,0.19,0.23,1.22,408.94,2020-03-18 00:34:53
5345.52,2185,0.69,0.19,0.23,1.21,410.43,2020-03-18 00:35:25
5351.31,2169,-0.14,0.19,0.24,1.21,410.06,2020-03-18 00:35:58
5349.35,2187,0.24,0.19,0.23,1.22,409.43,2020-03-18 00:36:29
5352.63,2180,0.25,0.19,0.24,1.21,410.44,2020-03-18 00:37:00
5350.27,2171,-0.35,0.19,0.24,1.21,407.56,2020-03-18 00:37:31
5357.23,2171,-0.42,0.19,0.24,1.21,405.3,2020-03-18 00:38:02
5360.12,2163,0.23,0.19,0.24,1.2,403.04,2020-03-18 00:38:34
5347.35,2150,0.24,0.19,0.24,1.2,401.71,2020-03-18 00:39:04
5363.19,2170,0.29,0.19,0.24,1.21,402.78,2020-03-18 00:39:35
5348.8,2176,0.35,0.19,0.24,1.21,406.15,2020-03-18 00:40:05
5356.05,2170,0.39,0.18,0.23,1.21,401.31,2020-03-18 00:40:35
5347.21,2174,0.18,0.18,0.23,1.21,401.21,2020-03-18 00:41:06
5347.33,2186,0.08,0.19,0.23,1.21,405.48,2020-03-18 00:41:37
5345,2185,0.17,0.18,0.23,1.22,401.66,2020-03-18 00:42:07
5342.82,2201,0.64,0.18,0.23,1.22,400.04,2020-03-18 00:42:37
5347.59,2213,0.87,0.18,0.23,1.23,405.71,2020-03-18 00:43:07
5351.32,2190,0.35,0.18,0.23,1.22,402.64,2020-03-18 00:43:38
5346.01,2203,0.32,0.18,0.23,1.22,405.84,2020-03-18 00:44:09
5353.81,2195,0.27,0.19,0.23,1.22,406.1,2020-03-18 00:44:40
5358.4,2185,-0.07,0.19,0.23,1.21,405.27,2020-03-18 00:45:10
5373.17,2167,0.12,0.19,0.23,1.2,403.04,2020-03-18 00:45:41
5371.33,2157,0.12,0.19,0.23,1.2,401.57,2020-03-18 00:46:12
5371.56,2158,0.69,0.19,0.23,1.2,401.96,2020-03-18 00:46:43
5363.94,2167,0.44,0.19,0.23,1.2,404.6,2020-03-18 00:47:13
5366.05,2177,0.39,0.19,0.23,1.21,404.53,2020-03-18 00:47:44
5373.53,2197,0.17,0.19,0.23,1.22,411.61,2020-03-18 00:48:14
5375.54,2203,0.03,0.19,0.23,1.22,413.12,2020-03-18 00:48:44
5376.12,2198,0.17,0.19,0.23,1.22,414.46,2020-03-18 00:49:17
5373.72,2194,0.77,0.19,0.23,1.22,416.51,2020-03-18 00:49:48
5362.77,2190,-0.12,0.19,0.23,1.22,416.34,2020-03-18 00:50:19
5353.7,2189,0.27,0.19,0.23,1.22,411.68,2020-03-18 00:50:50
5360.63,2190,-0.21,0.19,0.23,1.22,416.37,2020-03-18 00:51:21
5366.94,2179,0.08,0.19,0.23,1.21,411.72,2020-03-18 00:51:51
5355.83,2181,-0.04,0.19,0.23,1.21,416.28,2020-03-18 00:52:23
5364.22,2183,-0.13,0.19,0.23,1.21,420.69,2020-03-18 00:52:53
5362.16,2191,-0.18,0.19,0.23,1.22,423.01,2020-03-18 00:53:23
5372.12,2193,-0.25,0.19,0.23,1.22,423.35,2020-03-18 00:53:54
5363.47,2183,0.32,0.19,0.23,1.21,422.36,2020-03-18 00:54:25
5364.48,2172,0.35,0.19,0.23,1.21,416.75,2020-03-18 00:54:55
5361.65,2162,0.73,0.19,0.23,1.2,416.35,2020-03-18 00:55:28
5361.5,2174,0.68,0.19,0.23,1.21,421.81,2020-03-18 00:55:58
5362.15,2179,0.12,0.19,0.23,1.21,419.8,2020-03-18 00:56:29
5360.94,2176,-0.05,0.19,0.23,1.21,418.63,2020-03-18 00:57:00
5358.97,2168,0.63,0.19,0.22,1.2,415.21,2020-03-18 00:57:30
5353.69,2170,0.39,0.19,0.22,1.21,414.22,2020-03-18 00:58:02
5356.42,2169,0.46,0.19,0.22,1.21,415.19,2020-03-18 00:58:32
5353.34,2188,0.02,0.19,0.22,1.22,418.44,2020-03-18 00:59:02
5350.43,2194,0.18,0.19,0.22,1.22,421.71,2020-03-18 00:59:34
5362.52,2183,0.27,0.19,0.22,1.21,416.23,2020-03-18 01:00:04
5365.66,2158,-0.24,0.19,0.22,1.2,417.6,2020-03-18 01:00:34
5390.02,2145,-0.04,0.19,0.21,1.19,411.87,2020-03-18 01:01:05
5386.08,2108,0.4,0.19,0.21,1.17,410.18,2020-03-18 01:01:37
5387.38,2106,0.69,0.19,0.21,1.17,409.63,2020-03-18 01:02:08
5385.62,2113,-0.17,0.19,0.21,1.17,405.74,2020-03-18 01:02:39
5399.22,2115,0.38,0.19,0.21,1.18,407.44,2020-03-18 01:03:11
5412,2120,-0.23,0.19,0.21,1.18,410.7,2020-03-18 01:03:41
5408.25,2134,0.24,0.19,0.21,1.19,413.09,2020-03-18 01:04:12
5401.5,2147,0.1,0.19,0.21,1.19,415.38,2020-03-18 01:04:43
5406.29,2161,0.12,0.19,0.21,1.2,416.11,2020-03-18 01:05:14
5406.42,2166,0.05,0.19,0.2,1.2,410.79,2020-03-18 01:05:45
5412.71,2165,0.13,0.19,0.2,1.2,414.57,2020-03-18 01:06:15
5405.05,2158,-0.47,0.19,0.2,1.2,413.08,2020-03-18 01:06:47
5408.32,2158,0.21,0.19,0.2,1.2,415.18,2020-03-18 01:07:18
5405,2169,0.65,0.19,0.2,1.21,416.25,2020-03-18 01:07:49
5409.02,2168,0.08,0.19,0.2,1.21,418.53,2020-03-18 01:08:20
5407.99,2167,0.64,0.19,0.2,1.2,417.95,2020-03-18 01:08:50
5414.41,2150,0.32,0.19,0.2,1.19,414.76,2020-03-18 01:09:20
5418,2148,0.77,0.19,0.2,1.19,414.14,2020-03-18 01:09:53
5423.34,2124,-0.47,0.19,0.2,1.18,409.15,2020-03-18 01:10:28
5414.42,2114,-0.35,0.19,0.2,1.17,406.22,2020-03-18 01:11:00
5406.01,2110,0.19,0.19,0.2,1.17,406.42,2020-03-18 01:11:30
5411.25,2106,-0.25,0.19,0.2,1.17,403.96,2020-03-18 01:12:03
5417.86,2110,0.05,0.19,0.2,1.17,409.48,2020-03-18 01:12:33
5414.52,2101,0.29,0.19,0.2,1.17,405.28,2020-03-18 01:13:06
5414.54,2111,0.16,0.19,0.2,1.17,406.11,2020-03-18 01:13:37
5418.5,2105,0.35,0.19,0.2,1.17,406.37,2020-03-18 01:14:08
5406.95,2092,-0.23,0.19,0.2,1.16,398.7,2020-03-18 01:14:39
5404.88,2106,0.34,0.19,0.2,1.17,399.52,2020-03-18 01:15:09
5396.03,2108,0.08,0.19,0.2,1.17,398.67,2020-03-18 01:15:40
5373.54,2118,0.39,0.19,0.2,1.18,401.71,2020-03-18 01:16:11
5391.36,2116,0.57,0.19,0.2,1.18,398.31,2020-03-18 01:16:42
5396.23,2107,0.4,0.19,0.2,1.17,398.39,2020-03-18 01:17:13
5394.48,2101,-0.12,0.19,0.2,1.17,399.99,2020-03-18 01:17:44
5393.92,2083,-0.29,0.19,0.2,1.16,394.42,2020-03-18 01:18:14
5388.23,2068,0.27,0.19,0.2,1.15,388.6,2020-03-18 01:18:46
5397.06,2062,0.25,0.19,0.21,1.15,387.76,2020-03-18 01:19:19
5398.01,2050,0.17,0.19,0.21,1.14,386.23,2020-03-18 01:19:50
5400.45,2057,0.27,0.19,0.21,1.14,388.67,2020-03-18 01:20:21
5389.43,2065,0.66,0.19,0.21,1.15,391.82,2020-03-18 01:20:51
5389.16,2063,0.45,0.19,0.21,1.15,391.55,2020-03-18 01:21:22
5376.19,2049,-0.24,0.19,0.21,1.14,392.55,2020-03-18 01:21:53
5369.1,2042,-0.04,0.19,0.21,1.13,392.64,2020-03-18 01:22:24
5370.03,2044,0.73,0.19,0.21,1.14,389.44,2020-03-18 01:22:55
5365.32,2038,0.53,0.19,0.21,1.13,385.48,2020-03-18 01:23:25
5364.88,2039,0.01,0.19,0.21,1.13,383.92,2020-03-18 01:23:56
5375.69,2051,-0.03,0.19,0.21,1.14,389.73,2020-03-18 01:24:26
5384.85,2056,0.23,0.19,0.21,1.15,392.5,2020-03-18 01:24:57
5384.35,2069,-0.31,0.19,0.21,1.15,393.08,2020-03-18 01:25:29
5383.91,2068,0.18,0.19,0.21,1.15,392.07,2020-03-18 01:25:59
5387.78,2060,0.29,0.19,0.21,1.15,393.6,2020-03-18 01:26:30
5395.39,2089,-0.04,0.19,0.21,1.16,399.46,2020-03-18 01:27:00
5397.3,2098,0.23,0.19,0.21,1.17,403.83,2020-03-18 01:27:31
5395.15,2107,0.1,0.19,0.21,1.17,399.91,2020-03-18 01:28:02
5379.24,2088,0.24,0.19,0.21,1.16,396.8,2020-03-18 01:28:34
5372.45,2068,-0.48,0.19,0.21,1.15,394.88,2020-03-18 01:29:05
5402.75,2060,-0.12,0.19,0.21,1.14,390.01,2020-03-18 01:29:36
5405.36,2065,-0.25,0.19,0.21,1.15,391.98,2020-03-18 01:30:06
5367.51,2103,-0.3,0.19,0.21,1.17,402.83,2020-03-18 01:30:37
5367.39,2125,0.14,0.2,0.22,1.18,414.49,2020-03-18 01:31:07
5359.61,2142,-0.17,0.19,0.21,1.19,415.71,2020-03-18 01:31:39
5373.01,2144,-0.28,0.19,0.21,1.19,418.01,2020-03-18 01:32:09
5376.95,2152,0.73,0.2,0.22,1.2,426.11,2020-03-18 01:32:40
5376.13,2152,0.42,0.2,0.22,1.2,425.39,2020-03-18 01:33:11
5367.96,2163,0.4,0.2,0.23,1.2,431.29,2020-03-18 01:33:42
5366.78,2149,-0.28,0.2,0.23,1.19,431.12,2020-03-18 01:34:12
5363.61,2143,-0.18,0.2,0.22,1.19,428.76,2020-03-18 01:34:43
5358.96,2134,0.36,0.2,0.22,1.19,427.51,2020-03-18 01:35:13
5358.73,2126,-0.56,0.2,0.23,1.18,428.85,2020-03-18 01:35:44
5366.92,2117,0.42,0.2,0.23,1.18,430.42,2020-03-18 01:36:18
5368.64,2122,0.69,0.2,0.23,1.18,434.41,2020-03-18 01:36:49
5373.04,2131,0.46,0.21,0.23,1.19,438.27,2020-03-18 01:37:21
5363.82,2124,-0.19,0.21,0.23,1.18,437.51,2020-03-18 01:37:52
5370.66,2126,-0.1,0.2,0.22,1.18,433.63,2020-03-18 01:38:22
5373.61,2124,0.69,0.21,0.22,1.18,435.85,2020-03-18 01:38:54
5370.77,2127,0.73,0.21,0.23,1.18,439.28,2020-03-18 01:39:24
5375.76,2128,0.34,0.21,0.23,1.18,440.43,2020-03-18 01:39:55
5377.02,2136,-0.23,0.21,0.23,1.19,438.83,2020-03-18 01:40:26
5367.85,2130,-0.04,0.21,0.23,1.19,438.55,2020-03-18 01:40:57
5366.71,2134,0.56,0.21,0.23,1.19,440.27,2020-03-18 01:41:29
5367.2,2148,-0.09,0.21,0.23,1.2,442.61,2020-03-18 01:41:59
5370.04,2153,-0.04,0.2,0.23,1.2,441.16,2020-03-18 01:42:29
5374.73,2145,0.21,0.21,0.23,1.19,446.11,2020-03-18 01:42:59
5374.08,2134,0.18,0.21,0.23,1.19,446.7,2020-03-18 01:43:31
5389.63,2139,-0.39,0.21,0.23,1.19,447.22,2020-03-18 01:44:01
5385.62,2135,0.24,0.21,0.23,1.19,449.28,2020-03-18 01:44:31
5383.47,2135,-0.15,0.21,0.23,1.19,453.74,2020-03-18 01:45:03
5392.62,2134,0.62,0.21,0.23,1.19,453.75,2020-03-18 01:45:34
5392.38,2134,0.73,0.21,0.23,1.19,452.57,2020-03-18 01:46:05
5395,2140,0.24,0.21,0.23,1.19,453.5,2020-03-18 01:46:36
5396.56,2141,0.42,0.21,0.23,1.19,455.01,2020-03-18 01:47:09
5393.98,2151,-0.03,0.21,0.23,1.2,457.32,2020-03-18 01:47:39
5384.67,2148,0.6,0.21,0.23,1.2,455.9,2020-03-18 01:48:10
5390,2160,0.32,0.22,0.24,1.2,465.89,2020-03-18 01:48:40
5387.57,2163,0.23,0.22,0.24,1.2,465.9,2020-03-18 01:49:11
5384.98,2172,-0.04,0.22,0.23,1.21,467.01,2020-03-18 01:49:42
5386.1,2173,0.36,0.22,0.24,1.21,469.05,2020-03-18 01:50:12
5386.39,2173,-0.67,0.22,0.24,1.21,469.38,2020-03-18 01:50:43
5387.46,2171,0.26,0.22,0.24,1.21,470.6,2020-03-18 01:51:13
5392.45,2175,0.23,0.22,0.24,1.21,472.66,2020-03-18 01:51:44
5392.28,2195,-0.34,0.22,0.24,1.22,473.18,2020-03-18 01:52:15
5390.4,2184,-0.21,0.22,0.24,1.21,472.1,2020-03-18 01:52:49
5390.82,2173,-0.35,0.22,0.24,1.21,470.51,2020-03-18 01:53:19
5391.59,2155,0.69,0.22,0.24,1.2,470.46,2020-03-18 01:53:50
5395.78,2141,-0.07,0.22,0.24,1.19,464.36,2020-03-18 01:54:20
5395.86,2142,0.26,0.22,0.24,1.19,465.29,2020-03-18 01:54:52
5397.17,2133,0.69,0.22,0.24,1.19,463.95,2020-03-18 01:55:22
5395.48,2114,-0.03,0.22,0.24,1.17,457.93,2020-03-18 01:55:54
5395.58,2102,0.26,0.22,0.23,1.17,453.76,2020-03-18 01:56:24
5401.86,2085,-0.3,0.22,0.23,1.16,448.99,2020-03-18 01:56:55
5402.3,2082,0.28,0.21,0.23,1.16,444.92,2020-03-18 01:57:26
5406,2070,0.65,0.22,0.23,1.15,449.51,2020-03-18 01:57:57
5408.82,2084,0.19,0.22,0.23,1.16,452.9,2020-03-18 01:58:28
5402.78,2092,0.77,0.22,0.23,1.16,452.81,2020-03-18 01:58:59
5407.4,2093,0.19,0.22,0.23,1.16,457.23,2020-03-18 01:59:29
5412.89,2101,-0.16,0.22,0.23,1.17,458.13,2020-03-18 01:59:59
5413.53,2065,0.58,0.22,0.24,1.15,451.88,2020-03-18 02:00:30
5414.32,2059,0.53,0.22,0.23,1.14,444.72,2020-03-18 02:01:01
5419.48,2054,0.13,0.21,0.23,1.14,437.71,2020-03-18 02:01:31
5423.26,2048,0.19,0.21,0.23,1.14,433.42,2020-03-18 02:02:01
5422.36,2035,0.13,0.21,0.22,1.13,426.85,2020-03-18 02:02:32
5425.86,2030,0.27,0.21,0.21,1.13,424.82,2020-03-18 02:03:03
5433.31,2016,-0.19,0.21,0.2,1.12,416.14,2020-03-18 02:03:35
5421.76,2029,-0.09,0.2,0.2,1.13,412.55,2020-03-18 02:04:06
5420.74,2022,-0.27,0.2,0.2,1.12,411.85,2020-03-18 02:04:36
5426.02,2029,0.17,0.2,0.2,1.13,414.34,2020-03-18 02:05:07
5435.87,2054,-0.05,0.2,0.2,1.14,415.21,2020-03-18 02:05:37
5446.6,2063,0.39,0.2,0.2,1.15,418.06,2020-03-18 02:06:08
5447.02,2061,0.96,0.2,0.2,1.15,411.91,2020-03-18 02:06:39
5450,2058,0.64,0.2,0.2,1.14,409.46,2020-03-18 02:07:09
5451.95,2071,0.69,0.2,0.2,1.15,409.71,2020-03-18 02:07:39
5447.21,2070,-0.14,0.2,0.2,1.15,412.69,2020-03-18 02:08:10
5476.06,2076,0.23,0.2,0.21,1.16,414.61,2020-03-18 02:08:41
5473.91,2093,0.23,0.2,0.21,1.16,416.32,2020-03-18 02:09:11
5459.46,2099,0.07,0.2,0.2,1.17,414.77,2020-03-18 02:09:42
5458.35,2090,0.14,0.2,0.2,1.16,413.41,2020-03-18 02:10:12
5450.85,2100,0.29,0.2,0.2,1.17,412.08,2020-03-18 02:10:42
5443.07,2097,0.22,0.2,0.2,1.17,411.5,2020-03-18 02:11:16
5441.24,2097,0.49,0.2,0.2,1.17,410.65,2020-03-18 02:11:49
5446.47,2102,0.26,0.2,0.2,1.17,412.36,2020-03-18 02:12:19
5452.47,2093,-0.31,0.19,0.2,1.16,408.1,2020-03-18 02:12:50
5459.86,2101,0.35,0.2,0.2,1.17,410.54,2020-03-18 02:13:22
5456.9,2096,-0.08,0.19,0.2,1.17,404.84,2020-03-18 02:13:55
5454.28,2110,-0.25,0.19,0.2,1.18,405.46,2020-03-18 02:14:26
5455.49,2133,0.52,0.19,0.19,1.19,404.54,2020-03-18 02:14:56
5458.89,2125,0.38,0.19,0.19,1.18,408.62,2020-03-18 02:15:28
5466.95,2126,0.29,0.19,0.19,1.18,408.11,2020-03-18 02:15:58
5473.94,2122,0.29,0.19,0.19,1.18,405.7,2020-03-18 02:16:28
5473.31,2110,0.16,0.19,0.19,1.17,401.41,2020-03-18 02:16:59
5467.36,2097,0.61,0.19,0.19,1.17,396.32,2020-03-18 02:17:30
5467.47,2105,0.24,0.19,0.19,1.17,396.36,2020-03-18 02:18:00
5470,2104,-0.46,0.19,0.19,1.17,392.6,2020-03-18 02:18:30
5476.81,2097,0.2,0.19,0.19,1.17,388.17,2020-03-18 02:19:00
5460.37,2099,-0.14,0.18,0.19,1.17,382.45,2020-03-18 02:19:32
5467.45,2089,0.03,0.18,0.19,1.16,378.82,2020-03-18 02:20:02
5468.19,2099,0.02,0.18,0.19,1.17,380.73,2020-03-18 02:20:32
5466.43,2096,-0.1,0.18,0.19,1.16,378.19,2020-03-18 02:21:02
5473.74,2106,0.41,0.18,0.19,1.17,372.69,2020-03-18 02:21:34
5472.81,2093,-0.51,0.17,0.19,1.16,363.74,2020-03-18 02:22:07
5475,2096,0.26,0.17,0.19,1.17,359.04,2020-03-18 02:22:37
5467.25,2100,0.13,0.17,0.19,1.17,357.17,2020-03-18 02:23:08
5469.44,2103,0.05,0.17,0.19,1.17,354.33,2020-03-18 02:23:40
5467.25,2112,0.26,0.17,0.19,1.17,355.36,2020-03-18 02:24:10
5456.53,2104,-0.25,0.17,0.19,1.17,350.46,2020-03-18 02:24:40
5457.1,2099,0.74,0.17,0.19,1.17,350.13,2020-03-18 02:25:10
5461.74,2109,-0.42,0.17,0.19,1.17,348.2,2020-03-18 02:25:41
5456.41,2106,0.03,0.16,0.19,1.17,346.86,2020-03-18 02:26:13
5468.16,2100,-0.42,0.16,0.19,1.17,340.72,2020-03-18 02:26:43
5470.49,2095,-0.24,0.16,0.19,1.16,340.12,2020-03-18 02:27:14
5471.97,2087,-0.42,0.16,0.19,1.16,335.59,2020-03-18 02:27:45
5469.78,2087,0.1,0.16,0.18,1.16,330.54,2020-03-18 02:28:15
5477.24,2075,0.19,0.16,0.18,1.15,330.58,2020-03-18 02:28:47
5475,2089,0.29,0.16,0.18,1.16,331.21,2020-03-18 02:29:18
5467.43,2086,0.35,0.16,0.18,1.16,327.55,2020-03-18 02:29:48
5476.42,2078,0.46,0.16,0.18,1.15,326.11,2020-03-18 02:30:20
5484.62,2077,0.08,0.16,0.18,1.15,325.89,2020-03-18 02:30:50
5499.94,2076,0.1,0.16,0.18,1.15,327.32,2020-03-18 02:31:20
5517.48,2086,0.07,0.16,0.18,1.16,324.88,2020-03-18 02:31:50
5531.9,2088,-0.01,0.16,0.18,1.16,326.3,2020-03-18 02:32:23
5509.33,2104,0.63,0.15,0.18,1.17,326.03,2020-03-18 02:32:53
5481.88,2100,0.33,0.16,0.18,1.17,325.81,2020-03-18 02:33:24
5479.57,2095,0.05,0.16,0.18,1.16,329.11,2020-03-18 02:33:57
5489.33,2105,-0.25,0.16,0.18,1.17,330.96,2020-03-18 02:34:28
5495.81,2085,-0.32,0.16,0.19,1.16,328.58,2020-03-18 02:34:58
5505.94,2065,-0.15,0.16,0.18,1.15,323.7,2020-03-18 02:35:29
5517.39,2042,0.7,0.16,0.18,1.14,317.62,2020-03-18 02:36:01
5514.28,2053,0.29,0.15,0.18,1.14,314.91,2020-03-18 02:36:31
5525.94,2050,-0.14,0.15,0.18,1.14,312.72,2020-03-18 02:37:02
5539.9,2024,-0.63,0.15,0.18,1.12,307.89,2020-03-18 02:37:34
5536.76,2038,0.25,0.15,0.18,1.13,303.85,2020-03-18 02:38:04
5559.91,2044,0.69,0.15,0.18,1.14,300.19,2020-03-18 02:38:35
5526.99,2053,-0.05,0.15,0.18,1.14,301.6,2020-03-18 02:39:05
5526.86,2058,0.43,0.15,0.18,1.14,301.77,2020-03-18 02:39:36
5500,2069,-0.02,0.15,0.18,1.15,303.3,2020-03-18 02:40:06
5464.21,2047,0.76,0.15,0.18,1.14,300.29,2020-03-18 02:40:38
5452.73,2056,0.26,0.15,0.18,1.14,304.54,2020-03-18 02:41:09
5417.68,2053,0.32,0.15,0.18,1.14,304.69,2020-03-18 02:41:39
5449.58,2046,-0.56,0.15,0.18,1.14,297.37,2020-03-18 02:42:10
5449.93,2053,0.42,0.15,0.18,1.14,303.68,2020-03-18 02:42:41
5449.99,2044,0.18,0.15,0.18,1.14,303.27,2020-03-18 02:43:12
5442.42,2047,0.8,0.15,0.18,1.14,308.2,2020-03-18 02:43:45
5436.03,2039,0.35,0.15,0.18,1.13,308.22,2020-03-18 02:44:15
5438.5,2026,0.13,0.15,0.18,1.13,307.01,2020-03-18 02:44:45
5446.8,2025,0.14,0.15,0.18,1.13,303.53,2020-03-18 02:45:15
5444.9,2021,0.24,0.15,0.18,1.12,303.31,2020-03-18 02:45:46
5442.01,2008,0.89,0.15,0.18,1.12,300.5,2020-03-18 02:46:17
5435.79,2021,0.35,0.15,0.18,1.12,302.71,2020-03-18 02:46:48
5427.55,2028,0.68,0.15,0.18,1.13,306.27,2020-03-18 02:47:20
5420.7,2025,-0.02,0.15,0.18,1.13,305.02,2020-03-18 02:47:51
5414.97,2037,-0.15,0.15,0.18,1.13,306.25,2020-03-18 02:48:21
5406.88,2032,0.25,0.15,0.18,1.13,310.62,2020-03-18 02:48:52
5405.55,2037,0.1,0.15,0.18,1.13,311.53,2020-03-18 02:49:22
5406.42,2024,0.18,0.15,0.18,1.12,309.23,2020-03-18 02:49:55
5404.87,2019,-0.18,0.15,0.18,1.12,311.5,2020-03-18 02:50:26
5390.62,2012,0.14,0.15,0.18,1.12,311.47,2020-03-18 02:50:56
5411.73,1990,0.37,0.15,0.18,1.11,307.62,2020-03-18 02:51:27
5426.95,1987,0.19,0.16,0.18,1.11,314.75,2020-03-18 02:51:57
5416.47,1982,0.25,0.16,0.18,1.1,320.21,2020-03-18 02:52:28
5419.97,1999,0.48,0.16,0.19,1.11,325.56,2020-03-18 02:52:58
5438.49,1993,0.14,0.16,0.18,1.11,324.72,2020-03-18 02:53:28
5439.64,1974,0.47,0.17,0.19,1.1,325.89,2020-03-18 02:53:59
5439.29,1965,0.05,0.16,0.18,1.09,322.49,2020-03-18 02:54:32
5451.04,1972,-0.44,0.17,0.18,1.1,326.16,2020-03-18 02:55:04
5451.66,1960,0.25,0.17,0.19,1.09,326.82,2020-03-18 02:55:36
5448.88,1956,0.29,0.17,0.19,1.09,329.07,2020-03-18 02:56:06
5446.46,1951,0.29,0.17,0.19,1.08,329.6,2020-03-18 02:56:37
5438.03,1937,0.18,0.17,0.19,1.08,329.2,2020-03-18 02:57:09
5435.05,1934,-0.34,0.17,0.18,1.07,325.04,2020-03-18 02:57:40
5423.95,1937,-0.19,0.17,0.19,1.08,328.99,2020-03-18 02:58:10
5423.98,1923,0.25,0.17,0.18,1.07,323.84,2020-03-18 02:58:41
5424,1915,0.69,0.17,0.18,1.06,322.36,2020-03-18 02:59:11
5424,1918,-0.39,0.17,0.18,1.07,320.01,2020-03-18 02:59:42
5433.64,1915,-0.27,0.17,0.18,1.06,320.44,2020-03-18 03:00:12
5437.35,1910,-0.15,0.17,0.18,1.06,316.84,2020-03-18 03:00:43
5444.03,1913,0.18,0.17,0.18,1.06,316.66,2020-03-18 03:01:13
5449.99,1897,0.25,0.16,0.18,1.05,312.82,2020-03-18 03:01:45
5449.97,1896,0.25,0.16,0.18,1.05,311.95,2020-03-18 03:02:16
5449.99,1868,0.41,0.17,0.19,1.04,309.89,2020-03-18 03:02:46
5448.82,1862,0.52,0.17,0.18,1.03,307.44,2020-03-18 03:03:21
5449.96,1848,0.21,0.16,0.19,1.03,304.54,2020-03-18 03:03:54
5449.98,1840,0.35,0.16,0.18,1.02,300.08,2020-03-18 03:04:24
5448.88,1836,0.36,0.16,0.18,1.02,297.48,2020-03-18 03:04:56
5447.99,1836,-0.2,0.16,0.18,1.02,296.2,2020-03-18 03:05:30
5451.59,1843,-0.08,0.16,0.18,1.02,298.21,2020-03-18 03:06:00
5476.8,1839,-0.19,0.16,0.18,1.02,294.24,2020-03-18 03:06:31
5484.05,1838,0.15,0.16,0.18,1.02,295.48,2020-03-18 03:07:02
5487.49,1839,-0.08,0.16,0.18,1.02,294.97,2020-03-18 03:07:32
5487.99,1828,-0.54,0.16,0.19,1.02,298.87,2020-03-18 03:08:03
5471.37,1826,-0.68,0.17,0.19,1.01,302.09,2020-03-18 03:08:35
5479.42,1811,0.23,0.17,0.19,1.01,299.49,2020-03-18 03:09:05
5481.05,1800,-0.13,0.17,0.19,1.0,297.83,2020-03-18 03:09:35
5477.57,1788,0.55,0.17,0.19,0.99,299.49,2020-03-18 03:10:05
5469.99,1807,0.29,0.17,0.19,1.0,302.52,2020-03-18 03:10:35
5474.67,1808,-0.03,0.17,0.19,1.0,299.23,2020-03-18 03:11:05
5470,1784,0.23,0.17,0.19,0.99,295.16,2020-03-18 03:11:36
5455.01,1781,0.51,0.17,0.19,0.99,294.55,2020-03-18 03:12:08
5448.6,1777,0.18,0.16,0.18,0.99,288.12,2020-03-18 03:12:38
5450,1793,0.35,0.16,0.18,1.0,286.29,2020-03-18 03:13:09
5445.79,1781,-0.05,0.16,0.18,0.99,278.56,2020-03-18 03:13:39
5450,1771,0.34,0.16,0.18,0.98,276.59,2020-03-18 03:14:10
5454.99,1764,0.1,0.16,0.18,0.98,275.99,2020-03-18 03:14:41
5456,1768,0.34,0.15,0.18,0.98,273.81,2020-03-18 03:15:11
5462.17,1772,0.36,0.15,0.18,0.98,274.02,2020-03-18 03:15:43
5470.61,1773,-0.07,0.15,0.18,0.99,271.16,2020-03-18 03:16:14
5473.54,1765,0.45,0.15,0.18,0.98,272.46,2020-03-18 03:16:47
5471.74,1765,0.12,0.15,0.18,0.98,270.42,2020-03-18 03:17:18
5471.5,1764,0.41,0.15,0.18,0.98,266.62,2020-03-18 03:17:48
5472.7,1763,-0.28,0.15,0.18,0.98,266.47,2020-03-18 03:18:19
5472.61,1775,-0.05,0.15,0.18,0.99,266.7,2020-03-18 03:18:51
5472.61,1773,-0.25,0.15,0.18,0.99,265.0,2020-03-18 03:19:22
5472.61,1776,-0.03,0.15,0.18,0.99,265.34,2020-03-18 03:19:52
5471.83,1769,0.26,0.15,0.18,0.98,262.68,2020-03-18 03:20:27
5467.84,1775,0.25,0.15,0.18,0.99,262.82,2020-03-18 03:20:58
5462.35,1770,0.25,0.15,0.18,0.98,260.0,2020-03-18 03:21:28
5450.56,1782,-0.1,0.15,0.18,0.99,262.28,2020-03-18 03:21:59
5443.3,1773,0.39,0.15,0.18,0.99,260.42,2020-03-18 03:22:29
5444,1759,0.19,0.15,0.18,0.98,259.62,2020-03-18 03:23:00
5460.82,1766,0.2,0.15,0.18,0.98,261.03,2020-03-18 03:23:30
5451.1,1783,0.18,0.15,0.18,0.99,265.18,2020-03-18 03:24:05
5442,1798,-0.2,0.15,0.18,1.0,266.44,2020-03-18 03:24:36
5445.55,1813,0.11,0.15,0.18,1.01,266.46,2020-03-18 03:25:08
5442.6,1817,0.43,0.15,0.18,1.01,265.89,2020-03-18 03:25:39
5442.76,1831,0.69,0.15,0.18,1.02,268.19,2020-03-18 03:26:09
5450,1860,0.41,0.15,0.18,1.03,274.13,2020-03-18 03:26:41
5440.1,1875,-0.3,0.15,0.18,1.04,278.29,2020-03-18 03:27:12
5444.44,1870,0.26,0.15,0.18,1.04,277.64,2020-03-18 03:27:42
5447.95,1868,-0.28,0.15,0.18,1.04,275.78,2020-03-18 03:28:13
5447.95,1874,0.32,0.15,0.18,1.04,277.71,2020-03-18 03:28:43
5454,1867,0.05,0.15,0.18,1.04,278.58,2020-03-18 03:29:16
5455,1879,0.6,0.15,0.19,1.04,290.23,2020-03-18 03:29:46
5438.17,1893,0.03,0.15,0.18,1.05,290.69,2020-03-18 03:30:17
5449.39,1905,0.42,0.15,0.18,1.06,293.22,2020-03-18 03:30:47
5447.67,1917,0.61,0.16,0.18,1.07,298.4,2020-03-18 03:31:17
5451.47,1920,-0.54,0.16,0.18,1.07,300.58,2020-03-18 03:31:47
5451.54,1928,0.05,0.16,0.18,1.07,306.09,2020-03-18 03:32:18
5446.94,1938,0.23,0.16,0.19,1.08,308.7,2020-03-18 03:32:48
5444.51,1939,0.19,0.16,0.19,1.08,308.23,2020-03-18 03:33:19
5442.57,1948,-0.28,0.16,0.18,1.08,308.19,2020-03-18 03:33:49
5436.4,1942,0.35,0.16,0.19,1.08,308.69,2020-03-18 03:34:20
5441.12,1956,0.26,0.16,0.18,1.09,310.89,2020-03-18 03:34:50
5436.06,1956,0.71,0.16,0.19,1.09,316.74,2020-03-18 03:35:21
5436.06,1967,0.26,0.16,0.19,1.09,322.03,2020-03-18 03:35:51
5431.8,1956,-0.26,0.17,0.19,1.09,324.25,2020-03-18 03:36:22
5435.88,1950,0.33,0.17,0.19,1.08,324.16,2020-03-18 03:36:53
5443.63,1947,0.35,0.17,0.19,1.08,322.38,2020-03-18 03:37:25
5438.9,1929,0.23,0.17,0.19,1.07,319.55,2020-03-18 03:37:57
5442.04,1919,0.62,0.17,0.19,1.07,318.12,2020-03-18 03:38:27
5437.53,1912,0.73,0.17,0.19,1.06,321.1,2020-03-18 03:38:58
5435.79,1912,-0.48,0.17,0.19,1.06,320.17,2020-03-18 03:39:28
5442,1907,0.6,0.17,0.19,1.06,320.42,2020-03-18 03:40:00
5436.89,1904,-0.39,0.17,0.19,1.06,318.54,2020-03-18 03:40:31
5434.39,1898,0.18,0.17,0.19,1.06,315.79,2020-03-18 03:41:02
5437.7,1912,0.19,0.17,0.19,1.06,319.29,2020-03-18 03:41:33
5432.66,1911,0.8,0.17,0.19,1.06,323.49,2020-03-18 03:42:04
5428.52,1920,0.28,0.17,0.19,1.07,330.13,2020-03-18 03:42:35
5427.53,1905,0.49,0.17,0.19,1.06,327.81,2020-03-18 03:43:06
5419.51,1911,0.6,0.17,0.19,1.06,332.04,2020-03-18 03:43:38
5417.45,1917,-0.31,0.17,0.19,1.07,334.98,2020-03-18 03:44:10
5421.93,1916,0.25,0.17,0.19,1.06,333.63,2020-03-18 03:44:40
5421.47,1911,0.26,0.18,0.19,1.06,336.56,2020-03-18 03:45:11
5421.07,1911,0.21,0.18,0.19,1.06,336.36,2020-03-18 03:45:41
5418.93,1920,0.35,0.18,0.19,1.07,339.32,2020-03-18 03:46:12
5423.36,1923,0.31,0.18,0.19,1.07,338.25,2020-03-18 03:46:43
5420.99,1912,0.23,0.18,0.19,1.06,339.57,2020-03-18 03:47:13
5420.08,1902,0.6,0.18,0.19,1.06,338.93,2020-03-18 03:47:44
5417.28,1887,0.15,0.18,0.19,1.05,335.05,2020-03-18 03:48:15
5416.85,1863,0.15,0.18,0.19,1.04,333.83,2020-03-18 03:48:45
5420.14,1855,0.72,0.18,0.19,1.03,333.57,2020-03-18 03:49:16
5415.02,1847,0.19,0.18,0.19,1.03,331.25,2020-03-18 03:49:46
5419.79,1863,0.34,0.18,0.19,1.04,333.5,2020-03-18 03:50:16
5409.89,1854,0.29,0.18,0.19,1.03,332.27,2020-03-18 03:50:47
5399.12,1858,0.32,0.18,0.2,1.03,336.06,2020-03-18 03:51:23
5409.01,1853,0.74,0.18,0.19,1.03,332.55,2020-03-18 03:51:53
5413.79,1850,-0.28,0.18,0.19,1.03,330.99,2020-03-18 03:52:24
5410.39,1866,-0.15,0.18,0.2,1.04,334.55,2020-03-18 03:52:56
5406.1,1865,0.18,0.18,0.2,1.04,337.23,2020-03-18 03:53:26
5402.41,1869,0.29,0.18,0.19,1.04,331.63,2020-03-18 03:53:56
5405.04,1872,0.4,0.18,0.19,1.04,328.51,2020-03-18 03:54:27
5409.9,1875,0.46,0.18,0.19,1.04,337.29,2020-03-18 03:54:58
5418.32,1860,0.06,0.18,0.19,1.03,332.2,2020-03-18 03:55:29
5419.86,1840,-0.24,0.18,0.19,1.02,328.96,2020-03-18 03:55:59
5424.29,1811,0.3,0.18,0.19,1.01,323.59,2020-03-18 03:56:30
5420,1814,-0.11,0.18,0.19,1.01,324.31,2020-03-18 03:57:00
5423.71,1806,-0.35,0.18,0.19,1.0,325.09,2020-03-18 03:57:31
5430,1804,0.2,0.18,0.19,1.0,319.47,2020-03-18 03:58:02
5428.15,1798,-0.43,0.18,0.19,1.0,320.81,2020-03-18 03:58:33
5423.49,1792,0.44,0.18,0.19,1.0,320.12,2020-03-18 03:59:05
5421.96,1786,0.24,0.18,0.19,0.99,316.64,2020-03-18 03:59:36
5414.01,1789,0.32,0.18,0.19,0.99,313.67,2020-03-18 04:00:06
5414.89,1753,0.51,0.18,0.19,0.97,312.31,2020-03-18 04:00:37
5410.13,1724,0.05,0.18,0.19,0.96,306.97,2020-03-18 04:01:10
5406.49,1715,-0.18,0.18,0.19,0.95,308.91,2020-03-18 04:01:41
5405.63,1702,0.22,0.18,0.19,0.95,303.14,2020-03-18 04:02:11
5402.97,1687,-0.15,0.18,0.19,0.94,302.52,2020-03-18 04:02:42
5406.11,1690,0.16,0.18,0.19,0.94,304.21,2020-03-18 04:03:13
5418.93,1678,0.03,0.18,0.19,0.93,302.23,2020-03-18 04:03:46
5425.55,1681,-0.03,0.18,0.19,0.93,304.19,2020-03-18 04:04:17
5428.67,1680,0.09,0.18,0.19,0.93,304.25,2020-03-18 04:04:47
5422.09,1665,0.31,0.18,0.19,0.93,297.2,2020-03-18 04:05:17
5420.61,1664,0.12,0.18,0.19,0.92,291.62,2020-03-18 04:05:48
5428.34,1671,-0.03,0.18,0.19,0.93,295.53,2020-03-18 04:06:19
5430.54,1664,0.07,0.18,0.19,0.92,298.25,2020-03-18 04:06:53
5439.94,1658,0.28,0.18,0.19,0.92,295.54,2020-03-18 04:07:31
5447.34,1673,-0.53,0.18,0.19,0.93,296.46,2020-03-18 04:08:01
5447.33,1675,0.27,0.18,0.19,0.93,295.85,2020-03-18 04:08:31
5439.2,1668,0.18,0.17,0.19,0.93,291.21,2020-03-18 04:09:04
5444.58,1662,-0.25,0.18,0.19,0.92,293.9,2020-03-18 04:09:34
5445.82,1658,0.18,0.17,0.19,0.92,289.41,2020-03-18 04:10:06
5439.79,1652,0.08,0.18,0.19,0.92,292.98,2020-03-18 04:10:37
5435,1649,-0.03,0.18,0.19,0.92,295.01,2020-03-18 04:11:08
5430.01,1638,0.12,0.18,0.19,0.91,289.03,2020-03-18 04:11:38
5437.37,1635,-0.29,0.17,0.19,0.91,285.09,2020-03-18 04:12:08
5438.5,1619,-0.01,0.17,0.19,0.9,279.45,2020-03-18 04:12:38
5440.63,1608,0.05,0.17,0.19,0.89,277.58,2020-03-18 04:13:09
5443.64,1606,-0.03,0.17,0.19,0.89,275.45,2020-03-18 04:13:43
5446.99,1597,0.29,0.17,0.19,0.89,273.0,2020-03-18 04:14:14
5449.59,1606,0.2,0.17,0.19,0.89,275.86,2020-03-18 04:14:45
5445.81,1597,0.48,0.18,0.19,0.89,279.83,2020-03-18 04:15:15
5448.39,1587,0.14,0.17,0.19,0.88,276.51,2020-03-18 04:15:46
5449.71,1569,-0.34,0.18,0.19,0.87,274.82,2020-03-18 04:16:18
5453.82,1560,-0.18,0.18,0.19,0.87,273.18,2020-03-18 04:16:52
5458.05,1573,-0.07,0.17,0.19,0.88,273.95,2020-03-18 04:17:23
5461.89,1581,0.04,0.17,0.19,0.88,276.03,2020-03-18 04:17:53
5456.41,1584,0.28,0.17,0.19,0.88,276.03,2020-03-18 04:18:24
5462.93,1585,-0.39,0.17,0.19,0.88,276.15,2020-03-18 04:18:55
5465.58,1600,0.25,0.18,0.2,0.89,282.82,2020-03-18 04:19:26
5465.52,1594,-0.12,0.18,0.2,0.89,281.73,2020-03-18 04:19:59
5470,1578,0.33,0.18,0.2,0.88,279.88,2020-03-18 04:20:29
5465.52,1575,0.4,0.18,0.19,0.88,277.76,2020-03-18 04:21:01
5454.41,1579,0.27,0.18,0.19,0.88,276.63,2020-03-18 04:21:32
5452.09,1568,0.32,0.18,0.2,0.87,277.62,2020-03-18 04:22:02
5447.88,1580,-0.54,0.18,0.19,0.88,278.53,2020-03-18 04:22:32
5458.53,1562,0.23,0.17,0.19,0.87,273.25,2020-03-18 04:23:05
5454.57,1548,0.13,0.18,0.19,0.86,271.47,2020-03-18 04:23:38
5446.15,1538,0.36,0.18,0.2,0.86,273.34,2020-03-18 04:24:09
5463.9,1531,0.2,0.18,0.2,0.85,274.5,2020-03-18 04:24:40
5467.77,1514,0.13,0.18,0.2,0.84,270.52,2020-03-18 04:25:11
5472,1522,0.25,0.18,0.2,0.85,270.85,2020-03-18 04:25:42
5471.22,1539,0.5,0.18,0.2,0.86,271.92,2020-03-18 04:26:17
5472.04,1547,-0.43,0.18,0.2,0.86,277.94,2020-03-18 04:26:47
5474.95,1557,0.12,0.18,0.2,0.87,280.37,2020-03-18 04:27:17
5474.63,1562,0.19,0.18,0.2,0.87,285.42,2020-03-18 04:27:47
5481.78,1578,0.09,0.18,0.2,0.88,287.47,2020-03-18 04:28:18
5466.94,1568,0.27,0.18,0.2,0.87,284.16,2020-03-18 04:28:48
5462.47,1559,0.1,0.18,0.2,0.87,285.51,2020-03-18 04:29:18
5455.62,1567,0.2,0.19,0.2,0.87,292.99,2020-03-18 04:29:49
5450.1,1568,0.35,0.19,0.2,0.87,294.64,2020-03-18 04:30:21
5450.59,1571,0.45,0.19,0.2,0.87,295.58,2020-03-18 04:30:54
5446.03,1579,-0.11,0.19,0.2,0.88,292.64,2020-03-18 04:31:24
5449.26,1583,0.42,0.19,0.21,0.88,298.37,2020-03-18 04:31:57
5444.16,1601,0.24,0.19,0.21,0.89,301.58,2020-03-18 04:32:28
5447.96,1607,0.34,0.19,0.21,0.89,301.88,2020-03-18 04:32:59
5443.29,1620,0.43,0.19,0.21,0.9,301.46,2020-03-18 04:33:29
5442.58,1613,-0.28,0.18,0.21,0.9,297.32,2020-03-18 04:34:00
5441.18,1606,-0.14,0.19,0.21,0.89,297.99,2020-03-18 04:34:30
5435.83,1609,-0.15,0.18,0.21,0.89,296.14,2020-03-18 04:35:01
5433.15,1627,0.34,0.19,0.21,0.9,301.15,2020-03-18 04:35:32
5427.93,1630,0.69,0.19,0.21,0.91,304.19,2020-03-18 04:36:02
5432.83,1619,0.3,0.19,0.21,0.9,300.94,2020-03-18 04:36:32
5428.3,1629,0.9,0.19,0.21,0.91,303.33,2020-03-18 04:37:03
5436.44,1628,-0.24,0.19,0.21,0.9,301.65,2020-03-18 04:37:36
5442.99,1631,0.16,0.18,0.2,0.91,299.69,2020-03-18 04:38:07
5441.7,1621,-0.07,0.18,0.2,0.9,295.82,2020-03-18 04:38:39
5439.89,1615,0.24,0.18,0.2,0.9,290.59,2020-03-18 04:39:10
5438.95,1632,0.77,0.18,0.2,0.91,287.85,2020-03-18 04:39:41
5435.76,1653,0.42,0.18,0.2,0.92,289.92,2020-03-18 04:40:11
5431.9,1644,0.14,0.17,0.2,0.91,287.01,2020-03-18 04:40:42
5432.95,1654,-0.24,0.18,0.2,0.92,292.89,2020-03-18 04:41:13
5424.7,1673,0.22,0.17,0.2,0.93,292.53,2020-03-18 04:41:43
5421.84,1671,0.31,0.17,0.2,0.93,290.18,2020-03-18 04:42:14
5414.95,1677,-0.45,0.17,0.2,0.93,287.33,2020-03-18 04:42:44
5414.88,1689,0.13,0.17,0.19,0.94,285.71,2020-03-18 04:43:16
5417.82,1697,-0.24,0.17,0.19,0.95,282.04,2020-03-18 04:43:46
5417,1706,-0.25,0.17,0.19,0.95,284.09,2020-03-18 04:44:17
5425.41,1692,0.09,0.16,0.19,0.94,279.14,2020-03-18 04:44:47
5431.15,1695,0.35,0.16,0.19,0.94,277.26,2020-03-18 04:45:18
5425.44,1724,0.03,0.16,0.19,0.96,277.2,2020-03-18 04:45:49
5421.92,1745,0.26,0.16,0.19,0.97,278.4,2020-03-18 04:46:21
5418.55,1737,0.47,0.16,0.19,0.97,275.16,2020-03-18 04:46:54
5419.42,1725,0.48,0.16,0.18,0.96,273.47,2020-03-18 04:47:25
5429,1719,0.32,0.16,0.18,0.96,273.39,2020-03-18 04:47:55
5421.58,1730,0.22,0.16,0.19,0.96,277.79,2020-03-18 04:48:26
5416.77,1746,-0.24,0.16,0.18,0.97,272.82,2020-03-18 04:48:57
5423.9,1743,0.26,0.16,0.18,0.97,270.75,2020-03-18 04:49:27
5419.3,1743,0.11,0.16,0.18,0.97,272.3,2020-03-18 04:49:59
5423.25,1760,0.26,0.16,0.18,0.98,275.84,2020-03-18 04:50:29
5428.63,1755,0.32,0.16,0.18,0.98,274.87,2020-03-18 04:51:02
5436.62,1751,0.39,0.16,0.18,0.97,276.51,2020-03-18 04:51:33
5433.34,1747,0.29,0.16,0.18,0.97,274.02,2020-03-18 04:52:03
5437.37,1740,0.29,0.16,0.18,0.97,274.16,2020-03-18 04:52:34
5438.46,1750,-0.01,0.16,0.18,0.97,272.05,2020-03-18 04:53:05
5446.94,1742,-0.04,0.16,0.18,0.97,272.46,2020-03-18 04:53:36
5448,1742,0.29,0.16,0.18,0.97,270.3,2020-03-18 04:54:08
5448.52,1742,0.34,0.15,0.18,0.97,268.76,2020-03-18 04:54:38
5451.51,1747,0.29,0.15,0.18,0.97,266.09,2020-03-18 04:55:08
5452.35,1748,0.29,0.15,0.18,0.97,268.19,2020-03-18 04:55:39
5448.79,1737,0.14,0.15,0.18,0.97,266.66,2020-03-18 04:56:09
5456.95,1731,-0.42,0.15,0.18,0.96,263.34,2020-03-18 04:56:41
5450.47,1727,0.71,0.15,0.18,0.96,263.71,2020-03-18 04:57:13
5449.81,1718,0.69,0.15,0.18,0.96,261.45,2020-03-18 04:57:43
5445.01,1699,0.46,0.15,0.18,0.94,259.09,2020-03-18 04:58:16
5446.97,1698,-0.05,0.15,0.18,0.94,260.62,2020-03-18 04:58:47
5445.85,1700,0.33,0.15,0.18,0.94,259.54,2020-03-18 04:59:19
5442.47,1690,0.47,0.15,0.18,0.94,250.66,2020-03-18 04:59:51
5453.02,1680,-0.25,0.15,0.18,0.93,244.86,2020-03-18 05:00:22
5463.23,1679,0.14,0.15,0.18,0.93,243.94,2020-03-18 05:00:53
5462.87,1675,0.69,0.15,0.18,0.93,244.51,2020-03-18 05:01:23
5457.12,1667,-0.03,0.14,0.18,0.93,241.29,2020-03-18 05:01:56
5459.94,1650,0.53,0.15,0.18,0.92,242.43,2020-03-18 05:02:27
5463.37,1637,-0.33,0.15,0.18,0.91,239.78,2020-03-18 05:02:58
5463,1624,-0.03,0.15,0.18,0.9,241.04,2020-03-18 05:03:29
5456.11,1630,-0.41,0.15,0.18,0.91,243.39,2020-03-18 05:04:00
5448.07,1617,0.29,0.15,0.18,0.9,240.33,2020-03-18 05:04:32
5447.05,1615,0.69,0.15,0.18,0.9,245.13,2020-03-18 05:05:03
5444.7,1589,-0.16,0.15,0.18,0.88,238.49,2020-03-18 05:05:33
5454.51,1586,-0.08,0.15,0.18,0.88,234.38,2020-03-18 05:06:05
5455.3,1586,0.29,0.14,0.18,0.88,229.82,2020-03-18 05:06:39
5453.02,1580,-0.05,0.14,0.18,0.88,227.82,2020-03-18 05:07:10
5446.69,1578,0.19,0.15,0.18,0.88,232.96,2020-03-18 05:07:42
5445.42,1573,0.24,0.15,0.18,0.87,238.46,2020-03-18 05:08:12
5432.4,1567,-0.02,0.16,0.18,0.87,243.35,2020-03-18 05:08:43
5435.73,1566,0.29,0.16,0.18,0.87,249.4,2020-03-18 05:09:16
5433.6,1560,-0.32,0.16,0.19,0.87,255.5,2020-03-18 05:09:46
5428.57,1552,-0.06,0.17,0.19,0.86,258.86,2020-03-18 05:10:18
5428.97,1556,0.62,0.17,0.19,0.86,259.78,2020-03-18 05:10:48
5425.6,1552,0.18,0.17,0.19,0.86,258.7,2020-03-18 05:11:18
5425.91,1540,0.18,0.17,0.2,0.86,262.54,2020-03-18 05:11:50
5426.34,1537,0.35,0.17,0.2,0.85,262.67,2020-03-18 05:12:21
5435.87,1538,0.39,0.17,0.2,0.85,265.65,2020-03-18 05:12:52
5431.93,1528,0.25,0.18,0.2,0.85,268.41,2020-03-18 05:13:24
5430.44,1522,0.33,0.18,0.2,0.85,272.55,2020-03-18 05:13:54
5435.65,1517,0.36,0.18,0.2,0.84,272.03,2020-03-18 05:14:25
5433.39,1524,0.31,0.18,0.21,0.85,276.61,2020-03-18 05:14:57
5437.75,1516,0.35,0.19,0.21,0.84,281.05,2020-03-18 05:15:30
5440.16,1501,-0.01,0.19,0.21,0.83,280.21,2020-03-18 05:16:00
5443.24,1485,0.59,0.19,0.21,0.83,283.08,2020-03-18 05:16:30
5447.9,1482,0.25,0.19,0.21,0.82,281.62,2020-03-18 05:17:04
5451.66,1498,0.1,0.19,0.21,0.83,285.66,2020-03-18 05:17:35
5438.07,1499,0.26,0.19,0.21,0.83,287.57,2020-03-18 05:18:06
5438.35,1486,0.65,0.19,0.22,0.83,287.7,2020-03-18 05:18:37
5438.66,1479,0.34,0.2,0.23,0.82,294.5,2020-03-18 05:19:08
5439.33,1479,-0.08,0.2,0.23,0.82,292.92,2020-03-18 05:19:39
5429.01,1479,-0.19,0.2,0.23,0.82,292.9,2020-03-18 05:20:09
5426.95,1477,0.01,0.2,0.23,0.82,291.3,2020-03-18 05:20:39
5415.83,1480,0.2,0.2,0.23,0.82,294.01,2020-03-18 05:21:10
5411.91,1486,0.01,0.2,0.22,0.83,293.9,2020-03-18 05:21:44
5408.25,1493,-0.24,0.2,0.22,0.83,295.88,2020-03-18 05:22:14
5408.41,1490,0.04,0.2,0.22,0.83,293.58,2020-03-18 05:22:46
5410.94,1490,-0.05,0.2,0.22,0.83,295.7,2020-03-18 05:23:17
5410.81,1491,0.03,0.2,0.22,0.83,299.21,2020-03-18 05:23:48
5416.5,1492,0.07,0.2,0.22,0.83,298.53,2020-03-18 05:24:19
5405.61,1492,0.32,0.2,0.22,0.83,296.93,2020-03-18 05:24:49
5354.3,1492,0.3,0.2,0.22,0.83,300.26,2020-03-18 05:25:19
5371.88,1498,0.61,0.2,0.22,0.83,304.66,2020-03-18 05:25:51
5378.97,1499,0.22,0.21,0.22,0.83,307.43,2020-03-18 05:26:22
5356.52,1506,0.59,0.21,0.23,0.84,312.55,2020-03-18 05:26:53
5346.39,1504,-0.27,0.21,0.23,0.84,311.96,2020-03-18 05:27:24
5350.64,1510,0.62,0.21,0.23,0.84,316.36,2020-03-18 05:27:57
5360.87,1514,0.18,0.21,0.23,0.84,317.73,2020-03-18 05:28:28
5360.71,1530,0.62,0.21,0.23,0.85,321.53,2020-03-18 05:28:59
5353.74,1520,0.29,0.21,0.23,0.85,317.59,2020-03-18 05:29:29
5331.97,1521,-0.56,0.21,0.23,0.85,319.07,2020-03-18 05:29:59
5358.2,1554,0.38,0.21,0.22,0.86,319.5,2020-03-18 05:30:29
5361.77,1562,-0.28,0.21,0.22,0.87,320.63,2020-03-18 05:31:00
5368.29,1571,-0.2,0.2,0.22,0.87,318.9,2020-03-18 05:31:32
5366.05,1585,0.03,0.2,0.22,0.88,322.9,2020-03-18 05:32:06
5377.89,1584,-0.34,0.2,0.22,0.88,321.72,2020-03-18 05:32:37
5377.92,1600,-0.68,0.2,0.22,0.89,322.95,2020-03-18 05:33:07
5368.17,1602,-0.16,0.2,0.21,0.89,324.27,2020-03-18 05:33:39
5363.88,1604,0.18,0.2,0.21,0.89,322.28,2020-03-18 05:34:11
5355.04,1611,0.33,0.2,0.21,0.9,324.65,2020-03-18 05:34:42
5359.53,1616,0.21,0.2,0.21,0.9,322.72,2020-03-18 05:35:12
5359.85,1626,0.31,0.2,0.21,0.9,326.5,2020-03-18 05:35:44
5365.24,1620,-0.08,0.2,0.22,0.9,329.37,2020-03-18 05:36:15
5362.85,1622,-0.41,0.2,0.22,0.9,331.13,2020-03-18 05:36:45
5355.86,1617,0.03,0.2,0.22,0.9,329.88,2020-03-18 05:37:16
5345.1,1616,-0.2,0.2,0.22,0.9,326.84,2020-03-18 05:37:50
5350.12,1618,-0.11,0.2,0.22,0.9,323.85,2020-03-18 05:38:20
5354.7,1621,-0.34,0.2,0.21,0.9,320.92,2020-03-18 05:38:50
5352.26,1613,0.29,0.19,0.21,0.9,314.26,2020-03-18 05:39:22
5353.84,1605,-0.3,0.19,0.2,0.89,309.92,2020-03-18 05:39:53
5356.62,1604,0.74,0.19,0.2,0.89,310.41,2020-03-18 05:40:26
5349.5,1612,0.79,0.19,0.2,0.9,313.58,2020-03-18 05:40:57
5340.79,1598,0.34,0.19,0.2,0.89,309.34,2020-03-18 05:41:28
5329.85,1599,0.27,0.19,0.2,0.89,311.8,2020-03-18 05:41:59
5310,1606,0.22,0.2,0.2,0.89,315.8,2020-03-18 05:42:31
5310,1607,0.69,0.2,0.21,0.89,317.43,2020-03-18 05:43:01
5320.3,1618,0.06,0.2,0.2,0.9,318.47,2020-03-18 05:43:31
5314.42,1619,0.51,0.2,0.2,0.9,318.55,2020-03-18 05:44:04
5325.14,1613,0.36,0.2,0.2,0.9,315.83,2020-03-18 05:44:35
5329.96,1605,-0.08,0.2,0.2,0.89,313.44,2020-03-18 05:45:08
5327.25,1606,0.18,0.19,0.2,0.89,312.72,2020-03-18 05:45:40
5319.31,1610,0.27,0.19,0.2,0.9,310.6,2020-03-18 05:46:13
5319.44,1608,0.27,0.19,0.2,0.89,309.06,2020-03-18 05:46:45
5335.21,1600,0.57,0.19,0.2,0.89,309.37,2020-03-18 05:47:20
5352.32,1585,0.44,0.19,0.2,0.88,302.76,2020-03-18 05:47:52
5352.13,1591,0.25,0.19,0.2,0.88,301.24,2020-03-18 05:48:22
5347.18,1589,0.15,0.19,0.2,0.88,300.63,2020-03-18 05:48:54
5340.67,1583,-0.26,0.19,0.19,0.88,297.77,2020-03-18 05:49:26
5341.28,1568,0.62,0.19,0.19,0.87,293.73,2020-03-18 05:49:56
5351.47,1571,0.16,0.19,0.19,0.87,293.24,2020-03-18 05:50:27
5354.52,1564,0.34,0.19,0.2,0.87,295.34,2020-03-18 05:50:57
5356.06,1585,0.59,0.19,0.2,0.88,298.82,2020-03-18 05:51:27
5352.78,1577,0.2,0.19,0.2,0.88,298.25,2020-03-18 05:51:58
5351.01,1580,0.07,0.19,0.2,0.88,300.59,2020-03-18 05:52:28
5347.05,1586,-0.18,0.19,0.2,0.88,303.33,2020-03-18 05:52:59
5343.97,1598,0.08,0.19,0.2,0.89,302.98,2020-03-18 05:53:30
5345.64,1609,0.62,0.19,0.2,0.89,309.21,2020-03-18 05:54:00
5336.21,1611,0.23,0.2,0.2,0.9,315.81,2020-03-18 05:54:31
5339.62,1617,-0.15,0.2,0.2,0.9,318.23,2020-03-18 05:55:02
5354.46,1616,0.59,0.19,0.2,0.9,314.9,2020-03-18 05:55:32
5356.22,1612,0.34,0.19,0.2,0.9,311.08,2020-03-18 05:56:06
5364.53,1621,0.08,0.19,0.2,0.9,311.71,2020-03-18 05:56:36
5360.19,1623,-0.03,0.19,0.2,0.9,310.52,2020-03-18 05:57:06
5358.42,1632,0.62,0.19,0.2,0.91,313.86,2020-03-18 05:57:37
5358.43,1629,0.16,0.19,0.2,0.91,310.49,2020-03-18 05:58:07
5364.75,1634,0.2,0.19,0.2,0.91,314.5,2020-03-18 05:58:39
5363.76,1636,0.18,0.19,0.2,0.91,314.02,2020-03-18 05:59:10
5371.99,1638,-0.08,0.19,0.2,0.91,314.2,2020-03-18 05:59:41
5396.04,1637,-0.39,0.19,0.2,0.91,318.31,2020-03-18 06:00:12
5421.75,1618,0.16,0.19,0.2,0.9,315.25,2020-03-18 06:00:42
5404.43,1607,0.17,0.2,0.2,0.89,317.98,2020-03-18 06:01:12
5419.44,1602,0.62,0.2,0.2,0.89,316.05,2020-03-18 06:01:43
5409.01,1598,-0.19,0.2,0.2,0.89,312.93,2020-03-18 06:02:13
5415.42,1602,0.24,0.2,0.2,0.89,312.65,2020-03-18 06:02:45
5422.12,1594,0.29,0.2,0.21,0.89,312.09,2020-03-18 06:03:17
5429,1585,0.53,0.2,0.21,0.88,309.75,2020-03-18 06:03:47
5422.3,1590,0.63,0.2,0.21,0.88,313.52,2020-03-18 06:04:18
5420.06,1594,-0.3,0.2,0.21,0.89,312.79,2020-03-18 06:04:48
5417.01,1580,-0.26,0.2,0.21,0.88,308.5,2020-03-18 06:05:21
5413.36,1582,0.24,0.2,0.21,0.88,310.59,2020-03-18 06:05:51
5418.34,1583,0.43,0.2,0.21,0.88,311.21,2020-03-18 06:06:23
5417.31,1574,0.1,0.2,0.21,0.87,309.1,2020-03-18 06:06:54
5420.76,1581,0.12,0.2,0.21,0.88,309.58,2020-03-18 06:07:28
5433.27,1575,0.29,0.2,0.21,0.88,309.02,2020-03-18 06:07:58
5428.63,1586,0.24,0.19,0.2,0.88,308.69,2020-03-18 06:08:28
5433.11,1585,0.69,0.19,0.2,0.88,308.71,2020-03-18 06:09:00
5435.21,1590,0.07,0.2,0.21,0.88,313.12,2020-03-18 06:09:30
5428.99,1583,-0.01,0.2,0.21,0.88,311.95,2020-03-18 06:10:03
5425.95,1585,0.5,0.19,0.21,0.88,307.69,2020-03-18 06:10:34
5415.3,1577,0.07,0.19,0.21,0.88,306.89,2020-03-18 06:11:05
5414.35,1586,0.52,0.2,0.21,0.88,311.13,2020-03-18 06:11:35
5417.21,1581,0.47,0.2,0.21,0.88,308.82,2020-03-18 06:12:06
5417,1572,0.35,0.2,0.21,0.87,308.44,2020-03-18 06:12:40
5420.61,1557,-0.1,0.19,0.21,0.87,302.7,2020-03-18 06:13:10
5420.06,1554,0.73,0.2,0.22,0.86,309.15,2020-03-18 06:13:41
5415,1556,0.29,0.2,0.22,0.86,307.56,2020-03-18 06:14:11
5408.63,1550,0.1,0.2,0.21,0.86,304.75,2020-03-18 06:14:42
5413.66,1545,0.39,0.2,0.22,0.86,305.9,2020-03-18 06:15:13
5409.33,1541,-0.23,0.2,0.22,0.86,305.78,2020-03-18 06:15:45
5405.83,1541,0.66,0.2,0.22,0.86,307.5,2020-03-18 06:16:15
5394.95,1544,0.24,0.2,0.22,0.86,310.13,2020-03-18 06:16:46
5387.98,1543,0.47,0.2,0.22,0.86,307.88,2020-03-18 06:17:17
5384.63,1548,0.36,0.2,0.22,0.86,308.06,2020-03-18 06:17:48
5385.74,1553,0.29,0.2,0.23,0.86,310.13,2020-03-18 06:18:18
5383.79,1542,-0.47,0.2,0.23,0.86,304.39,2020-03-18 06:18:51
5374.98,1543,0.28,0.2,0.23,0.86,305.35,2020-03-18 06:19:21
5373.6,1542,-0.4,0.2,0.23,0.86,306.11,2020-03-18 06:19:53
5374.71,1543,0.74,0.2,0.23,0.86,311.48,2020-03-18 06:20:23
5373.05,1543,0.61,0.2,0.23,0.86,309.31,2020-03-18 06:20:54
5371.53,1526,0.1,0.2,0.23,0.85,308.65,2020-03-18 06:21:25
5375.51,1523,-0.17,0.2,0.23,0.85,306.45,2020-03-18 06:21:55
5375.77,1519,0.18,0.2,0.23,0.84,305.08,2020-03-18 06:22:26
5373.74,1512,0.59,0.2,0.24,0.84,302.9,2020-03-18 06:22:56
5378.77,1493,0.62,0.2,0.24,0.83,302.63,2020-03-18 06:23:27
5383.59,1479,0.71,0.2,0.24,0.82,297.46,2020-03-18 06:23:59
5381.22,1465,0.61,0.2,0.24,0.81,289.68,2020-03-18 06:24:32
5372.14,1454,-0.19,0.2,0.24,0.81,288.26,2020-03-18 06:25:03
5379.53,1438,0.47,0.2,0.24,0.8,287.91,2020-03-18 06:25:33
5381.21,1443,0.15,0.2,0.24,0.8,288.49,2020-03-18 06:26:04
5375.17,1427,0.27,0.2,0.24,0.8,283.62,2020-03-18 06:26:38
5376.16,1411,-0.56,0.2,0.24,0.78,280.0,2020-03-18 06:27:12
5360.59,1404,0.03,0.2,0.24,0.78,280.04,2020-03-18 06:27:43
5369.34,1404,0.86,0.2,0.24,0.78,275.97,2020-03-18 06:28:14
5375.71,1402,0.66,0.2,0.24,0.78,273.82,2020-03-18 06:28:45
5372.23,1407,-0.1,0.2,0.24,0.78,277.26,2020-03-18 06:29:15
5373.61,1415,0.62,0.2,0.24,0.79,276.19,2020-03-18 06:29:46
5368.32,1417,-0.3,0.19,0.24,0.79,273.16,2020-03-18 06:30:17
5368.66,1427,0.3,0.19,0.24,0.79,273.91,2020-03-18 06:30:49
5366.27,1425,-0.05,0.19,0.24,0.79,275.16,2020-03-18 06:31:19
5366.55,1420,0.35,0.19,0.23,0.79,270.73,2020-03-18 06:31:49
5361.95,1410,0.73,0.19,0.23,0.78,271.8,2020-03-18 06:32:19
5363.26,1403,0.26,0.2,0.24,0.78,275.39,2020-03-18 06:32:53
5363.34,1404,0.18,0.19,0.24,0.78,272.45,2020-03-18 06:33:23
5355.01,1407,0.48,0.19,0.23,0.78,269.6,2020-03-18 06:33:55
5358.82,1413,-0.23,0.19,0.24,0.79,270.57,2020-03-18 06:34:25
5357.49,1412,0.62,0.19,0.23,0.79,267.98,2020-03-18 06:34:56
5367.61,1411,0.05,0.19,0.23,0.78,268.64,2020-03-18 06:35:27
5361.73,1412,0.11,0.19,0.23,0.78,268.42,2020-03-18 06:35:59
5366.59,1406,-0.11,0.19,0.23,0.78,266.04,2020-03-18 06:36:30
5365.47,1408,-0.06,0.19,0.23,0.78,270.76,2020-03-18 06:37:02
5366.68,1413,0.5,0.19,0.23,0.79,273.51,2020-03-18 06:37:32
5370.42,1409,0.5,0.19,0.24,0.78,273.71,2020-03-18 06:38:04
5368.69,1405,0.52,0.2,0.24,0.78,276.3,2020-03-18 06:38:34
5366.84,1407,0.24,0.2,0.24,0.78,275.43,2020-03-18 06:39:06
5366.07,1406,0.64,0.2,0.24,0.78,275.87,2020-03-18 06:39:37
5360.42,1414,0.36,0.2,0.24,0.79,276.41,2020-03-18 06:40:08
5360.4,1397,0.4,0.2,0.24,0.78,274.67,2020-03-18 06:40:38
5362.05,1394,0.14,0.2,0.24,0.77,272.96,2020-03-18 06:41:08
5368.57,1379,0.35,0.2,0.24,0.77,269.4,2020-03-18 06:41:39
5380,1379,0.26,0.19,0.24,0.77,267.23,2020-03-18 06:42:11
5378.51,1378,-0.3,0.19,0.24,0.77,267.12,2020-03-18 06:42:42
5381.98,1379,-0.03,0.19,0.24,0.77,265.5,2020-03-18 06:43:15
5380.03,1380,0.18,0.19,0.24,0.77,261.09,2020-03-18 06:43:45
5380,1388,0.51,0.19,0.24,0.77,262.49,2020-03-18 06:44:18
5380.93,1398,0.12,0.19,0.24,0.78,262.74,2020-03-18 06:44:49
5380.02,1398,-0.03,0.19,0.24,0.78,261.25,2020-03-18 06:45:20
5386,1394,-0.15,0.19,0.24,0.77,261.54,2020-03-18 06:45:51
5385.53,1396,0.2,0.19,0.23,0.78,258.71,2020-03-18 06:46:21
5382.17,1402,-0.42,0.19,0.23,0.78,259.9,2020-03-18 06:46:56
5386.05,1404,-0.26,0.19,0.23,0.78,262.44,2020-03-18 06:47:27
5388.45,1399,0.5,0.19,0.24,0.78,266.9,2020-03-18 06:47:57
5385.84,1387,0.56,0.19,0.24,0.77,265.88,2020-03-18 06:48:27
5385.01,1399,-0.06,0.19,0.24,0.78,268.53,2020-03-18 06:48:58
5382.39,1399,0.5,0.19,0.23,0.78,266.46,2020-03-18 06:49:32
5379,1396,0.29,0.19,0.22,0.78,266.09,2020-03-18 06:50:03
5387.88,1393,0.27,0.18,0.21,0.78,257.33,2020-03-18 06:50:34
5391.01,1389,-0.35,0.18,0.21,0.77,256.2,2020-03-18 06:51:05
5399.03,1383,0.33,0.19,0.21,0.77,257.39,2020-03-18 06:51:42
5394.78,1391,0.5,0.19,0.21,0.77,259.98,2020-03-18 06:52:13
5390.23,1391,0.16,0.19,0.21,0.77,260.78,2020-03-18 06:52:44
5388.82,1394,0.18,0.19,0.21,0.78,260.67,2020-03-18 06:53:15
5392.42,1409,-0.15,0.19,0.21,0.78,265.34,2020-03-18 06:53:46
5396.39,1421,-0.45,0.19,0.2,0.79,266.14,2020-03-18 06:54:16
5399.76,1425,0.09,0.19,0.2,0.79,266.27,2020-03-18 06:54:46
5398.34,1443,-0.04,0.19,0.2,0.8,267.36,2020-03-18 06:55:18
5389.92,1445,-0.21,0.18,0.2,0.8,264.96,2020-03-18 06:55:49
5383.14,1446,0.22,0.18,0.2,0.8,266.26,2020-03-18 06:56:21
5369.05,1460,0.74,0.18,0.19,0.81,268.49,2020-03-18 06:56:52
5371.61,1463,0.86,0.18,0.19,0.81,268.19,2020-03-18 06:57:23
5368.35,1463,-0.01,0.18,0.2,0.81,270.38,2020-03-18 06:57:55
5367.77,1468,-0.34,0.19,0.2,0.82,272.52,2020-03-18 06:58:25
5371.13,1448,0.22,0.18,0.2,0.8,267.28,2020-03-18 06:59:02
5370.39,1455,-0.3,0.19,0.2,0.81,269.28,2020-03-18 06:59:32
5376.7,1439,0.06,0.19,0.2,0.8,268.0,2020-03-18 07:00:03
5366.81,1418,0.5,0.19,0.2,0.79,268.16,2020-03-18 07:00:33
5363.78,1404,0.12,0.19,0.2,0.78,267.49,2020-03-18 07:01:06
5363.01,1411,0.05,0.19,0.2,0.78,271.41,2020-03-18 07:01:37
5368.29,1411,0.09,0.19,0.2,0.78,271.77,2020-03-18 07:02:07
5373.78,1426,0.25,0.19,0.2,0.79,273.82,2020-03-18 07:02:37
5376.39,1428,0.23,0.19,0.2,0.79,274.58,2020-03-18 07:03:11
5378.64,1426,0.51,0.19,0.2,0.79,277.43,2020-03-18 07:03:41
5377.78,1431,0.64,0.2,0.2,0.8,280.7,2020-03-18 07:04:12
5380.34,1456,-0.24,0.19,0.2,0.81,278.94,2020-03-18 07:04:43
5387.29,1472,-0.03,0.19,0.2,0.82,284.24,2020-03-18 07:05:15
5387.42,1467,0.64,0.2,0.21,0.82,289.14,2020-03-18 07:05:46
5383.95,1471,-0.23,0.2,0.21,0.82,288.98,2020-03-18 07:06:16
5380.37,1486,-0.24,0.19,0.2,0.83,287.65,2020-03-18 07:06:47
5376.67,1498,0.11,0.19,0.2,0.83,289.73,2020-03-18 07:07:18
5379.41,1503,-0.03,0.19,0.2,0.84,286.3,2020-03-18 07:07:49
5379.08,1517,-0.24,0.19,0.2,0.84,285.9,2020-03-18 07:08:20
5391,1528,0.42,0.19,0.19,0.85,284.81,2020-03-18 07:08:51
5398.17,1531,0.19,0.18,0.19,0.85,281.89,2020-03-18 07:09:21
5395.5,1530,0.41,0.18,0.19,0.85,281.94,2020-03-18 07:09:52
5394.8,1548,0.77,0.19,0.19,0.86,287.23,2020-03-18 07:10:22
5395.76,1559,0.07,0.18,0.19,0.87,288.39,2020-03-18 07:10:53
5390.11,1572,-0.37,0.19,0.19,0.87,292.31,2020-03-18 07:11:24
5392.43,1579,-0.05,0.19,0.19,0.88,292.19,2020-03-18 07:11:56
5397.75,1603,0.25,0.19,0.19,0.89,299.21,2020-03-18 07:12:27
5396.04,1609,0.29,0.19,0.19,0.9,299.86,2020-03-18 07:12:59
5398.93,1605,0.27,0.19,0.19,0.89,299.69,2020-03-18 07:13:29
5399,1606,0.25,0.19,0.2,0.89,300.31,2020-03-18 07:14:00
5392.03,1606,0.28,0.19,0.19,0.89,298.26,2020-03-18 07:14:32
5392.64,1607,0.59,0.18,0.19,0.89,297.21,2020-03-18 07:15:02
5390.98,1623,0.27,0.19,0.2,0.9,303.42,2020-03-18 07:15:32
5390.57,1654,0.59,0.19,0.2,0.92,317.85,2020-03-18 07:16:03
5397.5,1654,0.18,0.19,0.2,0.92,321.44,2020-03-18 07:16:33
5394.3,1675,0.59,0.2,0.21,0.93,328.58,2020-03-18 07:17:03
5397.47,1689,0.1,0.2,0.2,0.94,332.07,2020-03-18 07:17:33
5397.49,1695,-0.02,0.2,0.21,0.94,332.98,2020-03-18 07:18:06
5397.5,1712,-0.18,0.2,0.21,0.95,338.26,2020-03-18 07:18:36
5397.33,1717,0.21,0.2,0.21,0.95,339.8,2020-03-18 07:19:06
5395.16,1720,0.57,0.2,0.21,0.96,341.64,2020-03-18 07:19:38
5389.27,1722,-0.42,0.2,0.21,0.96,348.17,2020-03-18 07:20:08
5389.38,1729,0.5,0.21,0.22,0.96,356.01,2020-03-18 07:20:39
5389.04,1745,0.59,0.21,0.22,0.97,363.16,2020-03-18 07:21:10
5387.94,1753,0.02,0.21,0.22,0.97,365.24,2020-03-18 07:21:41
5387.3,1757,0.59,0.21,0.23,0.98,372.94,2020-03-18 07:22:12
5386.26,1769,0.59,0.21,0.23,0.98,376.43,2020-03-18 07:22:42
5380.84,1771,0.59,0.21,0.23,0.98,379.89,2020-03-18 07:23:12
5376.89,1764,-0.34,0.22,0.23,0.98,383.25,2020-03-18 07:23:43
5382.15,1768,-0.1,0.22,0.24,0.98,390.17,2020-03-18 07:24:13
5382.62,1781,-0.25,0.22,0.25,0.99,395.03,2020-03-18 07:24:44
5382.99,1775,0.74,0.22,0.25,0.99,394.35,2020-03-18 07:25:14
5378.43,1780,0.05,0.22,0.25,0.99,395.04,2020-03-18 07:25:44
5377.19,1769,-0.16,0.22,0.25,0.98,393.7,2020-03-18 07:26:14
5379.38,1771,0.59,0.22,0.25,0.98,394.72,2020-03-18 07:26:45
5380.28,1774,0.23,0.22,0.25,0.99,397.92,2020-03-18 07:27:16
5379.62,1775,-0.14,0.22,0.25,0.99,396.85,2020-03-18 07:27:47
5381.54,1793,0.62,0.22,0.24,1.0,396.12,2020-03-18 07:28:17
5383.22,1806,-0.15,0.22,0.24,1.01,402.13,2020-03-18 07:28:50
5384.5,1812,0.59,0.22,0.25,1.01,404.18,2020-03-18 07:29:22
5384.9,1833,-0.03,0.22,0.24,1.02,404.31,2020-03-18 07:29:53
5391.06,1855,0.35,0.22,0.24,1.03,409.05,2020-03-18 07:30:25
5394.75,1887,-0.15,0.22,0.23,1.05,407.63,2020-03-18 07:30:57
5394.13,1884,0.33,0.22,0.23,1.05,405.15,2020-03-18 07:31:27
5393.03,1900,-0.28,0.22,0.23,1.06,410.18,2020-03-18 07:31:58
5395.06,1901,0.54,0.22,0.24,1.06,411.56,2020-03-18 07:32:28
5395.87,1899,0.45,0.22,0.24,1.06,412.48,2020-03-18 07:32:59
5393.31,1905,-0.08,0.22,0.24,1.06,412.19,2020-03-18 07:33:31
5389.77,1900,0.07,0.22,0.24,1.06,412.35,2020-03-18 07:34:01
5390.43,1899,0.1,0.22,0.24,1.06,418.81,2020-03-18 07:34:33
5387.73,1874,0.03,0.22,0.24,1.04,419.74,2020-03-18 07:35:07
5371.26,1890,0.59,0.22,0.24,1.05,418.86,2020-03-18 07:35:38
5366.41,1889,0.28,0.22,0.24,1.05,416.49,2020-03-18 07:36:09
5363.82,1893,0.59,0.22,0.24,1.05,422.78,2020-03-18 07:36:39
5355.96,1880,0.18,0.23,0.25,1.04,426.97,2020-03-18 07:37:09
5358.5,1877,0.39,0.23,0.25,1.04,433.52,2020-03-18 07:37:41
5356.3,1889,0.25,0.23,0.25,1.05,441.81,2020-03-18 07:38:12
5354.01,1876,0.3,0.24,0.25,1.04,445.46,2020-03-18 07:38:42
5346.2,1880,0.3,0.24,0.25,1.04,454.57,2020-03-18 07:39:14
5354.26,1888,0.07,0.24,0.25,1.05,457.93,2020-03-18 07:39:45
5360,1889,0.19,0.24,0.25,1.05,462.27,2020-03-18 07:40:16
5364.42,1901,0.32,0.25,0.26,1.06,467.25,2020-03-18 07:40:47
5354.26,1901,0.29,0.24,0.25,1.06,464.97,2020-03-18 07:41:17
5350.02,1898,0.29,0.25,0.25,1.05,466.03,2020-03-18 07:41:49
5352.38,1891,0.62,0.25,0.25,1.05,464.62,2020-03-18 07:42:23
5354.74,1882,0.59,0.24,0.25,1.05,460.87,2020-03-18 07:42:54
5354.88,1895,0.33,0.24,0.25,1.05,462.35,2020-03-18 07:43:24
5357.73,1914,0.33,0.24,0.25,1.06,463.98,2020-03-18 07:43:54
5355,1913,0.64,0.24,0.25,1.06,465.44,2020-03-18 07:44:25
5354.21,1921,0.4,0.24,0.25,1.07,465.92,2020-03-18 07:44:56
5349.56,1906,-0.01,0.24,0.25,1.06,458.61,2020-03-18 07:45:26
5346.89,1885,0.47,0.24,0.25,1.05,451.38,2020-03-18 07:45:57
5346.83,1877,0.01,0.24,0.25,1.04,447.58,2020-03-18 07:46:27
5344.34,1855,-0.03,0.24,0.25,1.03,440.96,2020-03-18 07:47:00
5338.72,1849,-0.03,0.24,0.25,1.03,438.22,2020-03-18 07:47:31
5344.9,1842,0.6,0.23,0.25,1.02,432.49,2020-03-18 07:48:02
5344.99,1848,0.59,0.23,0.25,1.03,432.65,2020-03-18 07:48:32
5346.87,1837,0.07,0.23,0.25,1.02,430.54,2020-03-18 07:49:03
5346.85,1840,0.23,0.23,0.25,1.02,427.45,2020-03-18 07:49:33
5353.95,1852,0.12,0.23,0.25,1.03,429.96,2020-03-18 07:50:04
5357.11,1846,0.74,0.23,0.24,1.03,427.25,2020-03-18 07:50:34
5352.29,1830,0.27,0.23,0.24,1.02,421.98,2020-03-18 07:51:06
5349.3,1833,0.61,0.23,0.24,1.02,423.01,2020-03-18 07:51:37
5352.29,1837,-0.25,0.23,0.24,1.02,415.66,2020-03-18 07:52:07
5360,1833,0.48,0.23,0.24,1.02,413.25,2020-03-18 07:52:38
5362.91,1828,0.58,0.22,0.24,1.02,409.45,2020-03-18 07:53:09
5360.02,1823,-0.55,0.22,0.23,1.01,403.9,2020-03-18 07:53:41
5362.94,1809,0.5,0.22,0.23,1.01,394.13,2020-03-18 07:54:13
5360.8,1816,0.32,0.22,0.23,1.01,396.99,2020-03-18 07:54:45
5358.2,1813,0.29,0.22,0.23,1.01,397.09,2020-03-18 07:55:16
5361.01,1811,0.32,0.22,0.23,1.01,399.8,2020-03-18 07:55:46
5357.26,1816,-0.24,0.22,0.23,1.01,397.42,2020-03-18 07:56:17
5361.62,1816,0.62,0.22,0.22,1.01,395.12,2020-03-18 07:56:47
5364.66,1819,-0.28,0.22,0.22,1.01,394.43,2020-03-18 07:57:18
5364.47,1815,0.16,0.22,0.23,1.01,395.46,2020-03-18 07:57:50
5363.15,1791,0.42,0.22,0.23,1.0,396.31,2020-03-18 07:58:24
5363.15,1784,0.59,0.22,0.23,0.99,394.68,2020-03-18 07:58:56
5364.1,1772,0.04,0.22,0.23,0.99,388.59,2020-03-18 07:59:28
5364.93,1769,0.29,0.22,0.24,0.98,393.97,2020-03-18 08:00:00
5372.15,1738,0.62,0.23,0.24,0.97,391.25,2020-03-18 08:00:31
5373.96,1730,-0.28,0.23,0.24,0.96,392.17,2020-03-18 08:01:02
5373.32,1713,0.27,0.23,0.25,0.95,392.59,2020-03-18 08:01:33
5374.28,1690,0.17,0.23,0.25,0.94,388.76,2020-03-18 08:02:08
5375,1672,0.21,0.23,0.25,0.93,383.03,2020-03-18 08:02:40
5375,1672,0.19,0.23,0.25,0.93,386.53,2020-03-18 08:03:11
5384.31,1664,-0.26,0.23,0.25,0.92,384.44,2020-03-18 08:03:41
5386.57,1665,0.53,0.23,0.25,0.93,380.75,2020-03-18 08:04:14
5383.14,1661,0.18,0.23,0.25,0.92,379.02,2020-03-18 08:04:47
5381.43,1654,0.1,0.23,0.25,0.92,374.48,2020-03-18 08:05:17
5379.12,1636,0.32,0.23,0.25,0.91,369.52,2020-03-18 08:05:49
5375.34,1635,0.1,0.22,0.24,0.91,366.77,2020-03-18 08:06:19
5376.38,1626,0.5,0.22,0.24,0.9,360.7,2020-03-18 08:06:53
5378.66,1617,0.32,0.22,0.24,0.9,356.24,2020-03-18 08:07:24
5378.72,1609,0.36,0.22,0.24,0.89,350.09,2020-03-18 08:07:54
5376.44,1595,-0.14,0.22,0.24,0.89,345.13,2020-03-18 08:08:26
5375,1590,0.21,0.21,0.23,0.88,337.22,2020-03-18 08:08:56
5368.14,1579,0.53,0.21,0.23,0.88,334.28,2020-03-18 08:09:30
5365.08,1553,-0.25,0.21,0.23,0.86,325.1,2020-03-18 08:10:01
5370.29,1561,0.15,0.21,0.22,0.87,325.61,2020-03-18 08:10:33
5377.03,1559,0.62,0.21,0.23,0.87,327.89,2020-03-18 08:11:04
5375.17,1550,0.55,0.21,0.23,0.86,324.98,2020-03-18 08:11:35
5373.59,1550,0.39,0.21,0.23,0.86,325.81,2020-03-18 08:12:05
5373.63,1548,0.27,0.21,0.23,0.86,326.96,2020-03-18 08:12:35
5375.26,1553,-0.42,0.21,0.23,0.86,329.71,2020-03-18 08:13:05
5379.12,1526,0.14,0.22,0.24,0.85,329.47,2020-03-18 08:13:35
5376.04,1524,0.34,0.22,0.24,0.85,328.46,2020-03-18 08:14:05
5377.01,1520,-0.24,0.22,0.24,0.84,333.86,2020-03-18 08:14:39
5377.01,1523,0.62,0.22,0.25,0.85,337.77,2020-03-18 08:15:09
5377.01,1529,0.32,0.22,0.25,0.85,342.84,2020-03-18 08:15:40
5371.64,1533,-0.23,0.22,0.25,0.85,341.45,2020-03-18 08:16:10
5366.21,1538,-0.15,0.22,0.25,0.86,340.67,2020-03-18 08:16:41
5355.14,1547,0.01,0.22,0.25,0.86,342.1,2020-03-18 08:17:12
5362.46,1541,0.25,0.22,0.25,0.86,343.13,2020-03-18 08:17:43
5364.98,1543,-0.14,0.22,0.25,0.86,339.35,2020-03-18 08:18:14
5363.19,1546,0.02,0.22,0.25,0.86,337.79,2020-03-18 08:18:44
5362.01,1540,0.59,0.22,0.25,0.86,335.77,2020-03-18 08:19:14
5366.54,1546,0.39,0.22,0.25,0.86,337.04,2020-03-18 08:19:47
5369,1553,-0.15,0.21,0.24,0.86,331.25,2020-03-18 08:20:18
5368.43,1560,0.53,0.21,0.24,0.87,329.73,2020-03-18 08:20:52
5373.44,1587,0.21,0.21,0.23,0.88,327.26,2020-03-18 08:21:25
5370.63,1580,-0.35,0.21,0.23,0.88,325.57,2020-03-18 08:21:55
5371.34,1559,-0.03,0.21,0.23,0.87,320.1,2020-03-18 08:22:28
5373.48,1565,-0.28,0.21,0.23,0.87,321.34,2020-03-18 08:22:58
5374.5,1569,-0.37,0.2,0.22,0.87,316.38,2020-03-18 08:23:28
5375.8,1567,0.18,0.2,0.21,0.87,316.2,2020-03-18 08:23:59
5375.81,1556,-0.14,0.2,0.21,0.86,312.06,2020-03-18 08:24:31
5379.82,1556,0.32,0.2,0.21,0.87,308.29,2020-03-18 08:25:01
5386.5,1557,0.07,0.2,0.22,0.87,311.07,2020-03-18 08:25:32
5397.5,1549,0.62,0.2,0.21,0.86,307.12,2020-03-18 08:26:03
5392.23,1533,-0.09,0.2,0.21,0.85,304.24,2020-03-18 08:26:34
5390.27,1540,0.27,0.2,0.21,0.86,304.81,2020-03-18 08:27:05
5389.26,1522,0.27,0.2,0.21,0.85,298.87,2020-03-18 08:27:35
5388.92,1515,0.32,0.2,0.21,0.84,296.64,2020-03-18 08:28:09
5388.26,1531,0.6,0.2,0.21,0.85,301.21,2020-03-18 08:28:42
5388.3,1538,0.19,0.2,0.22,0.86,302.74,2020-03-18 08:29:12
5388.26,1528,0.6,0.2,0.22,0.85,303.63,2020-03-18 08:29:43
